timestamp,rt_price,operating_date,hour,weekday,month,settlement_point
2026-09-23 00:00:00,50.995000000000005,2026-09-23,0,Wednesday,9,HB_BUSAVG
2026-09-23 01:00:00,40.5375,2026-09-23,1,Wednesday,9,HB_BUSAVG
2026-09-23 02:00:00,34.29,2026-09-23,2,Wednesday,9,HB_BUSAVG
2026-09-23 03:00:00,32.6775,2026-09-23,3,Wednesday,9,HB_BUSAVG
2026-09-23 04:00:00,30.5125,2026-09-23,4,Wednesday,9,HB_BUSAVG
2026-09-23 05:00:00,37.339999999999996,2026-09-23,5,Wednesday,9,HB_BUSAVG
2026-09-23 06:00:00,44.7125,2026-09-23,6,Wednesday,9,HB_BUSAVG
2026-09-23 07:00:00,44.042500000000004,2026-09-23,7,Wednesday,9,HB_BUSAVG
2026-09-23 08:00:00,10.535,2026-09-23,8,Wednesday,9,HB_BUSAVG
2026-09-23 09:00:00,27.45,2026-09-23,9,Wednesday,9,HB_BUSAVG
2026-09-23 10:00:00,30.880000000000003,2026-09-23,10,Wednesday,9,HB_BUSAVG
2026-09-23 11:00:00,27.83,2026-09-23,11,Wednesday,9,HB_BUSAVG
2026-09-23 12:00:00,27.11,2026-09-23,12,Wednesday,9,HB_BUSAVG
2026-09-23 13:00:00,28.41,2026-09-23,13,Wednesday,9,HB_BUSAVG
2026-09-23 14:00:00,30.590000000000003,2026-09-23,14,Wednesday,9,HB_BUSAVG
2026-09-23 15:00:00,44.7325,2026-09-23,15,Wednesday,9,HB_BUSAVG
2026-09-23 16:00:00,47.05,2026-09-23,16,Wednesday,9,HB_BUSAVG
2026-09-23 17:00:00,72.45500000000001,2026-09-23,17,Wednesday,9,HB_BUSAVG
2026-09-23 18:00:00,70.26249999999999,2026-09-23,18,Wednesday,9,HB_BUSAVG
2026-09-23 19:00:00,61.3875,2026-09-23,19,Wednesday,9,HB_BUSAVG
2026-09-23 20:00:00,48.9275,2026-09-23,20,Wednesday,9,HB_BUSAVG
2026-09-23 21:00:00,43.0975,2026-09-23,21,Wednesday,9,HB_BUSAVG
2026-09-23 22:00:00,38.8675,2026-09-23,22,Wednesday,9,HB_BUSAVG
2026-09-23 23:00:00,33.055,2026-09-23,23,Wednesday,9,HB_BUSAVG
2026-09-24 00:00:00,31.1275,2026-09-24,0,Thursday,9,HB_BUSAVG
2026-09-24 01:00:00,28.0725,2026-09-24,1,Thursday,9,HB_BUSAVG
2026-09-24 02:00:00,25.705,2026-09-24,2,Thursday,9,HB_BUSAVG
2026-09-24 03:00:00,25.055,2026-09-24,3,Thursday,9,HB_BUSAVG
2026-09-24 04:00:00,25.1675,2026-09-24,4,Thursday,9,HB_BUSAVG
2026-09-24 05:00:00,27.9075,2026-09-24,5,Thursday,9,HB_BUSAVG
2026-09-24 06:00:00,34.4075,2026-09-24,6,Thursday,9,HB_BUSAVG
2026-09-24 07:00:00,35.455,2026-09-24,7,Thursday,9,HB_BUSAVG
2026-09-24 08:00:00,25.1525,2026-09-24,8,Thursday,9,HB_BUSAVG
2026-09-24 09:00:00,19.8975,2026-09-24,9,Thursday,9,HB_BUSAVG
2026-09-24 10:00:00,18.53,2026-09-24,10,Thursday,9,HB_BUSAVG
2026-09-24 11:00:00,18.305,2026-09-24,11,Thursday,9,HB_BUSAVG
2026-09-24 12:00:00,21.877499999999998,2026-09-24,12,Thursday,9,HB_BUSAVG
2026-09-24 13:00:00,27.9425,2026-09-24,13,Thursday,9,HB_BUSAVG
2026-09-24 14:00:00,45.8625,2026-09-24,14,Thursday,9,HB_BUSAVG
2026-09-24 15:00:00,63.39,2026-09-24,15,Thursday,9,HB_BUSAVG
2026-09-24 16:00:00,62.95,2026-09-24,16,Thursday,9,HB_BUSAVG
2026-09-24 17:00:00,67.8875,2026-09-24,17,Thursday,9,HB_BUSAVG
2026-09-24 18:00:00,66.7025,2026-09-24,18,Thursday,9,HB_BUSAVG
2026-09-24 19:00:00,61.775000000000006,2026-09-24,19,Thursday,9,HB_BUSAVG
2026-09-24 20:00:00,50.9375,2026-09-24,20,Thursday,9,HB_BUSAVG
2026-09-24 21:00:00,49.2225,2026-09-24,21,Thursday,9,HB_BUSAVG
2026-09-24 22:00:00,41.6975,2026-09-24,22,Thursday,9,HB_BUSAVG
2026-09-24 23:00:00,35.295,2026-09-24,23,Thursday,9,HB_BUSAVG
2026-09-25 00:00:00,39.9725,2026-09-25,0,Friday,9,HB_BUSAVG
2026-09-25 01:00:00,34.215,2026-09-25,1,Friday,9,HB_BUSAVG
2026-09-25 02:00:00,30.692500000000003,2026-09-25,2,Friday,9,HB_BUSAVG
2026-09-25 03:00:00,31.625,2026-09-25,3,Friday,9,HB_BUSAVG
2026-09-25 04:00:00,30.185,2026-09-25,4,Friday,9,HB_BUSAVG
2026-09-25 05:00:00,39.035,2026-09-25,5,Friday,9,HB_BUSAVG
2026-09-25 06:00:00,40.7275,2026-09-25,6,Friday,9,HB_BUSAVG
2026-09-25 07:00:00,41.19,2026-09-25,7,Friday,9,HB_BUSAVG
2026-09-25 08:00:00,25.195,2026-09-25,8,Friday,9,HB_BUSAVG
2026-09-25 09:00:00,20.87,2026-09-25,9,Friday,9,HB_BUSAVG
2026-09-25 10:00:00,20.009999999999998,2026-09-25,10,Friday,9,HB_BUSAVG
2026-09-25 11:00:00,20.02,2026-09-25,11,Friday,9,HB_BUSAVG
2026-09-25 12:00:00,22.380000000000003,2026-09-25,12,Friday,9,HB_BUSAVG
2026-09-25 13:00:00,24.13,2026-09-25,13,Friday,9,HB_BUSAVG
2026-09-25 14:00:00,30.067500000000003,2026-09-25,14,Friday,9,HB_BUSAVG
2026-09-25 15:00:00,30.8425,2026-09-25,15,Friday,9,HB_BUSAVG
2026-09-25 16:00:00,39.375,2026-09-25,16,Friday,9,HB_BUSAVG
2026-09-25 17:00:00,49.3725,2026-09-25,17,Friday,9,HB_BUSAVG
2026-09-25 18:00:00,52.0325,2026-09-25,18,Friday,9,HB_BUSAVG
2026-09-25 19:00:00,49.9025,2026-09-25,19,Friday,9,HB_BUSAVG
2026-09-25 20:00:00,43.605000000000004,2026-09-25,20,Friday,9,HB_BUSAVG
2026-09-25 21:00:00,44.29,2026-09-25,21,Friday,9,HB_BUSAVG
2026-09-25 22:00:00,38.075,2026-09-25,22,Friday,9,HB_BUSAVG
2026-09-25 23:00:00,28.9875,2026-09-25,23,Friday,9,HB_BUSAVG
2026-09-26 00:00:00,27.825,2026-09-26,0,Saturday,9,HB_BUSAVG
2026-09-26 01:00:00,25.8975,2026-09-26,1,Saturday,9,HB_BUSAVG
2026-09-26 02:00:00,24.3325,2026-09-26,2,Saturday,9,HB_BUSAVG
2026-09-26 03:00:00,22.365000000000002,2026-09-26,3,Saturday,9,HB_BUSAVG
2026-09-26 04:00:00,21.51,2026-09-26,4,Saturday,9,HB_BUSAVG
2026-09-26 05:00:00,21.552500000000002,2026-09-26,5,Saturday,9,HB_BUSAVG
2026-09-26 06:00:00,22.655,2026-09-26,6,Saturday,9,HB_BUSAVG
2026-09-26 07:00:00,23.725,2026-09-26,7,Saturday,9,HB_BUSAVG
2026-09-26 08:00:00,19.88,2026-09-26,8,Saturday,9,HB_BUSAVG
2026-09-26 09:00:00,17.52,2026-09-26,9,Saturday,9,HB_BUSAVG
2026-09-26 10:00:00,16.4425,2026-09-26,10,Saturday,9,HB_BUSAVG
2026-09-26 11:00:00,15.0625,2026-09-26,11,Saturday,9,HB_BUSAVG
2026-09-26 12:00:00,17.055,2026-09-26,12,Saturday,9,HB_BUSAVG
2026-09-26 13:00:00,22.7275,2026-09-26,13,Saturday,9,HB_BUSAVG
2026-09-26 14:00:00,28.57,2026-09-26,14,Saturday,9,HB_BUSAVG
2026-09-26 15:00:00,33.185,2026-09-26,15,Saturday,9,HB_BUSAVG
2026-09-26 16:00:00,31.095,2026-09-26,16,Saturday,9,HB_BUSAVG
2026-09-26 17:00:00,34.4875,2026-09-26,17,Saturday,9,HB_BUSAVG
2026-09-26 18:00:00,37.5175,2026-09-26,18,Saturday,9,HB_BUSAVG
2026-09-26 19:00:00,35.725,2026-09-26,19,Saturday,9,HB_BUSAVG
2026-09-26 20:00:00,33.4375,2026-09-26,20,Saturday,9,HB_BUSAVG
2026-09-26 21:00:00,32.175,2026-09-26,21,Saturday,9,HB_BUSAVG
2026-09-26 22:00:00,32.305,2026-09-26,22,Saturday,9,HB_BUSAVG
2026-09-26 23:00:00,29.8275,2026-09-26,23,Saturday,9,HB_BUSAVG
2026-09-27 00:00:00,28.365,2026-09-27,0,Sunday,9,HB_BUSAVG
2026-09-27 01:00:00,26.9575,2026-09-27,1,Sunday,9,HB_BUSAVG
2026-09-27 02:00:00,24.29,2026-09-27,2,Sunday,9,HB_BUSAVG
2026-09-27 03:00:00,23.415,2026-09-27,3,Sunday,9,HB_BUSAVG
2026-09-27 04:00:00,24.072499999999998,2026-09-27,4,Sunday,9,HB_BUSAVG
2026-09-27 05:00:00,25.1175,2026-09-27,5,Sunday,9,HB_BUSAVG
2026-09-27 06:00:00,27.125,2026-09-27,6,Sunday,9,HB_BUSAVG
2026-09-27 07:00:00,27.305,2026-09-27,7,Sunday,9,HB_BUSAVG
2026-09-27 08:00:00,21.9425,2026-09-27,8,Sunday,9,HB_BUSAVG
2026-09-27 09:00:00,21.78,2026-09-27,9,Sunday,9,HB_BUSAVG
2026-09-27 10:00:00,22.725,2026-09-27,10,Sunday,9,HB_BUSAVG
2026-09-27 11:00:00,22.57,2026-09-27,11,Sunday,9,HB_BUSAVG
2026-09-27 12:00:00,28.0475,2026-09-27,12,Sunday,9,HB_BUSAVG
2026-09-27 13:00:00,33.625,2026-09-27,13,Sunday,9,HB_BUSAVG
2026-09-27 14:00:00,42.3375,2026-09-27,14,Sunday,9,HB_BUSAVG
2026-09-27 15:00:00,52.47,2026-09-27,15,Sunday,9,HB_BUSAVG
2026-09-27 16:00:00,86.175,2026-09-27,16,Sunday,9,HB_BUSAVG
2026-09-27 17:00:00,92.87,2026-09-27,17,Sunday,9,HB_BUSAVG
2026-09-27 18:00:00,72.23,2026-09-27,18,Sunday,9,HB_BUSAVG
2026-09-27 19:00:00,78.25,2026-09-27,19,Sunday,9,HB_BUSAVG
2026-09-27 20:00:00,64.4725,2026-09-27,20,Sunday,9,HB_BUSAVG
2026-09-27 21:00:00,60.9275,2026-09-27,21,Sunday,9,HB_BUSAVG
2026-09-27 22:00:00,46.2475,2026-09-27,22,Sunday,9,HB_BUSAVG
2026-09-27 23:00:00,44.292500000000004,2026-09-27,23,Sunday,9,HB_BUSAVG
2026-09-28 00:00:00,45.1575,2026-09-28,0,Monday,9,HB_BUSAVG
2026-09-28 01:00:00,45.1425,2026-09-28,1,Monday,9,HB_BUSAVG
2026-09-28 02:00:00,52.144999999999996,2026-09-28,2,Monday,9,HB_BUSAVG
2026-09-28 03:00:00,42.697500000000005,2026-09-28,3,Monday,9,HB_BUSAVG
2026-09-28 04:00:00,41.7225,2026-09-28,4,Monday,9,HB_BUSAVG
2026-09-28 05:00:00,43.2325,2026-09-28,5,Monday,9,HB_BUSAVG
2026-09-28 06:00:00,47.8275,2026-09-28,6,Monday,9,HB_BUSAVG
2026-09-28 07:00:00,50.785,2026-09-28,7,Monday,9,HB_BUSAVG
2026-09-28 08:00:00,34.24,2026-09-28,8,Monday,9,HB_BUSAVG
2026-09-28 09:00:00,29.42,2026-09-28,9,Monday,9,HB_BUSAVG
2026-09-28 10:00:00,32.47,2026-09-28,10,Monday,9,HB_BUSAVG
2026-09-28 11:00:00,36.835,2026-09-28,11,Monday,9,HB_BUSAVG
2026-09-28 12:00:00,33.5075,2026-09-28,12,Monday,9,HB_BUSAVG
2026-09-28 13:00:00,29.345,2026-09-28,13,Monday,9,HB_BUSAVG
2026-09-28 14:00:00,31.995,2026-09-28,14,Monday,9,HB_BUSAVG
2026-09-28 15:00:00,47.26,2026-09-28,15,Monday,9,HB_BUSAVG
2026-09-28 16:00:00,47.4025,2026-09-28,16,Monday,9,HB_BUSAVG
2026-09-28 17:00:00,40.8,2026-09-28,17,Monday,9,HB_BUSAVG
2026-09-28 18:00:00,41.230000000000004,2026-09-28,18,Monday,9,HB_BUSAVG
2026-09-28 19:00:00,36.87,2026-09-28,19,Monday,9,HB_BUSAVG
2026-09-28 20:00:00,36.47,2026-09-28,20,Monday,9,HB_BUSAVG
2026-09-28 21:00:00,33.735,2026-09-28,21,Monday,9,HB_BUSAVG
2026-09-28 22:00:00,27.2025,2026-09-28,22,Monday,9,HB_BUSAVG
2026-09-28 23:00:00,23.042499999999997,2026-09-28,23,Monday,9,HB_BUSAVG
