DeliveryDate,DeliveryHour,DeliveryInterval,SettlementPointName,SettlementPointPrice,DSTFlag
10/06/2026,1,1,HB_BUSAVG,46.48,N
10/06/2026,1,2,HB_BUSAVG,47.94,N
10/06/2026,1,3,HB_BUSAVG,45.63,N
10/05/2026,1,1,HB_BUSAVG,40.48,N
10/05/2026,1,2,HB_BUSAVG,38.94,N
10/05/2026,1,3,HB_BUSAVG,38.01,N
10/05/2026,1,4,HB_BUSAVG,38.62,N
10/05/2026,2,1,HB_BUSAVG,39.49,N
10/05/2026,2,2,HB_BUSAVG,36.32,N
10/05/2026,2,3,HB_BUSAVG,33.01,N
10/05/2026,2,4,HB_BUSAVG,32.25,N
10/05/2026,3,1,HB_BUSAVG,32.68,N
10/05/2026,3,2,HB_BUSAVG,33.53,N
10/05/2026,3,3,HB_BUSAVG,33.12,N
10/05/2026,3,4,HB_BUSAVG,32.7,N
10/05/2026,4,1,HB_BUSAVG,37.97,N
10/05/2026,4,2,HB_BUSAVG,36.63,N
10/05/2026,4,3,HB_BUSAVG,34.14,N
10/05/2026,4,4,HB_BUSAVG,33.55,N
10/05/2026,5,1,HB_BUSAVG,30.89,N
10/05/2026,5,2,HB_BUSAVG,31.74,N
10/05/2026,5,3,HB_BUSAVG,32.16,N
10/05/2026,5,4,HB_BUSAVG,32.73,N
10/05/2026,6,1,HB_BUSAVG,34.38,N
10/05/2026,6,2,HB_BUSAVG,37.26,N
10/05/2026,6,3,HB_BUSAVG,40.36,N
10/05/2026,6,4,HB_BUSAVG,44.35,N
10/05/2026,7,1,HB_BUSAVG,57.13,N
10/05/2026,7,2,HB_BUSAVG,58.6,N
10/05/2026,7,3,HB_BUSAVG,70.03,N
10/05/2026,7,4,HB_BUSAVG,67.97,N
10/05/2026,8,1,HB_BUSAVG,66.64,N
10/05/2026,8,2,HB_BUSAVG,56.72,N
10/05/2026,8,3,HB_BUSAVG,49.27,N
10/05/2026,8,4,HB_BUSAVG,46.28,N
10/05/2026,9,1,HB_BUSAVG,40.34,N
10/05/2026,9,2,HB_BUSAVG,30.67,N
10/05/2026,9,3,HB_BUSAVG,26.69,N
10/05/2026,9,4,HB_BUSAVG,21.79,N
10/05/2026,10,1,HB_BUSAVG,25.69,N
10/05/2026,10,2,HB_BUSAVG,22.48,N
10/05/2026,10,3,HB_BUSAVG,21.86,N
10/05/2026,10,4,HB_BUSAVG,22.22,N
10/05/2026,11,1,HB_BUSAVG,23.48,N
10/05/2026,11,2,HB_BUSAVG,21.75,N
10/05/2026,11,3,HB_BUSAVG,21.06,N
10/05/2026,11,4,HB_BUSAVG,20.94,N
10/05/2026,12,1,HB_BUSAVG,21.03,N
10/05/2026,12,2,HB_BUSAVG,21.73,N
10/05/2026,12,3,HB_BUSAVG,22.5,N
10/05/2026,12,4,HB_BUSAVG,23.24,N
10/05/2026,13,1,HB_BUSAVG,23.73,N
10/05/2026,13,2,HB_BUSAVG,24.91,N
10/05/2026,13,3,HB_BUSAVG,25.0,N
10/05/2026,13,4,HB_BUSAVG,25.06,N
10/05/2026,14,1,HB_BUSAVG,29.9,N
10/05/2026,14,2,HB_BUSAVG,32.17,N
10/05/2026,14,3,HB_BUSAVG,31.06,N
10/05/2026,14,4,HB_BUSAVG,26.89,N
10/05/2026,15,1,HB_BUSAVG,32.41,N
10/05/2026,15,2,HB_BUSAVG,34.5,N
10/05/2026,15,3,HB_BUSAVG,36.59,N
10/05/2026,15,4,HB_BUSAVG,36.14,N
10/05/2026,16,1,HB_BUSAVG,41.63,N
10/05/2026,16,2,HB_BUSAVG,42.32,N
10/05/2026,16,3,HB_BUSAVG,42.92,N
10/05/2026,16,4,HB_BUSAVG,40.11,N
10/05/2026,17,1,HB_BUSAVG,50.13,N
10/05/2026,17,2,HB_BUSAVG,54.69,N
10/05/2026,17,3,HB_BUSAVG,57.84,N
10/05/2026,17,4,HB_BUSAVG,50.08,N
10/05/2026,18,1,HB_BUSAVG,44.47,N
10/05/2026,18,2,HB_BUSAVG,74.28,N
10/05/2026,18,3,HB_BUSAVG,88.0,N
10/05/2026,18,4,HB_BUSAVG,108.92,N
10/05/2026,19,1,HB_BUSAVG,84.71,N
10/05/2026,19,2,HB_BUSAVG,104.44,N
10/05/2026,19,3,HB_BUSAVG,111.05,N
10/05/2026,19,4,HB_BUSAVG,133.07,N
10/05/2026,20,1,HB_BUSAVG,114.92,N
10/05/2026,20,2,HB_BUSAVG,125.86,N
10/05/2026,20,3,HB_BUSAVG,124.42,N
10/05/2026,20,4,HB_BUSAVG,127.68,N
10/05/2026,21,1,HB_BUSAVG,175.71,N
10/05/2026,21,2,HB_BUSAVG,204.9,N
10/05/2026,21,3,HB_BUSAVG,249.49,N
10/05/2026,21,4,HB_BUSAVG,216.14,N
10/05/2026,22,1,HB_BUSAVG,344.78,N
10/05/2026,22,2,HB_BUSAVG,434.24,N
10/05/2026,22,3,HB_BUSAVG,251.04,N
10/05/2026,22,4,HB_BUSAVG,132.64,N
10/05/2026,23,1,HB_BUSAVG,115.84,N
10/05/2026,23,2,HB_BUSAVG,77.79,N
10/05/2026,23,3,HB_BUSAVG,61.4,N
10/05/2026,23,4,HB_BUSAVG,51.85,N
10/05/2026,24,1,HB_BUSAVG,54.87,N
10/05/2026,24,2,HB_BUSAVG,55.05,N
10/05/2026,24,3,HB_BUSAVG,50.26,N
10/05/2026,24,4,HB_BUSAVG,48.3,N
10/04/2026,1,1,HB_BUSAVG,50.55,N
10/04/2026,1,2,HB_BUSAVG,47.95,N
10/04/2026,1,3,HB_BUSAVG,48.55,N
10/04/2026,1,4,HB_BUSAVG,54.23,N
10/04/2026,2,1,HB_BUSAVG,70.42,N
10/04/2026,2,2,HB_BUSAVG,63.28,N
10/04/2026,2,3,HB_BUSAVG,55.32,N
10/04/2026,2,4,HB_BUSAVG,54.77,N
10/04/2026,3,1,HB_BUSAVG,73.61,N
10/04/2026,3,2,HB_BUSAVG,57.48,N
10/04/2026,3,3,HB_BUSAVG,53.01,N
10/04/2026,3,4,HB_BUSAVG,49.84,N
10/04/2026,4,1,HB_BUSAVG,71.21,N
10/04/2026,4,2,HB_BUSAVG,57.07,N
10/04/2026,4,3,HB_BUSAVG,43.17,N
10/04/2026,4,4,HB_BUSAVG,42.4,N
10/04/2026,5,1,HB_BUSAVG,48.78,N
10/04/2026,5,2,HB_BUSAVG,45.45,N
10/04/2026,5,3,HB_BUSAVG,43.71,N
10/04/2026,5,4,HB_BUSAVG,40.47,N
10/04/2026,6,1,HB_BUSAVG,42.14,N
10/04/2026,6,2,HB_BUSAVG,42.33,N
10/04/2026,6,3,HB_BUSAVG,41.57,N
10/04/2026,6,4,HB_BUSAVG,38.99,N
10/04/2026,7,1,HB_BUSAVG,37.62,N
10/04/2026,7,2,HB_BUSAVG,38.7,N
10/04/2026,7,3,HB_BUSAVG,32.15,N
10/04/2026,7,4,HB_BUSAVG,34.01,N
10/04/2026,8,1,HB_BUSAVG,42.07,N
10/04/2026,8,2,HB_BUSAVG,35.71,N
10/04/2026,8,3,HB_BUSAVG,34.74,N
10/04/2026,8,4,HB_BUSAVG,34.74,N
10/04/2026,9,1,HB_BUSAVG,33.45,N
10/04/2026,9,2,HB_BUSAVG,29.63,N
10/04/2026,9,3,HB_BUSAVG,26.79,N
10/04/2026,9,4,HB_BUSAVG,24.45,N
10/04/2026,10,1,HB_BUSAVG,29.78,N
10/04/2026,10,2,HB_BUSAVG,30.17,N
10/04/2026,10,3,HB_BUSAVG,30.49,N
10/04/2026,10,4,HB_BUSAVG,30.34,N
10/04/2026,11,1,HB_BUSAVG,34.37,N
10/04/2026,11,2,HB_BUSAVG,30.44,N
10/04/2026,11,3,HB_BUSAVG,26.75,N
10/04/2026,11,4,HB_BUSAVG,25.42,N
10/04/2026,12,1,HB_BUSAVG,25.73,N
10/04/2026,12,2,HB_BUSAVG,26.08,N
10/04/2026,12,3,HB_BUSAVG,28.07,N
10/04/2026,12,4,HB_BUSAVG,30.36,N
10/04/2026,13,1,HB_BUSAVG,33.3,N
10/04/2026,13,2,HB_BUSAVG,34.61,N
10/04/2026,13,3,HB_BUSAVG,33.35,N
10/04/2026,13,4,HB_BUSAVG,32.79,N
10/04/2026,14,1,HB_BUSAVG,31.85,N
10/04/2026,14,2,HB_BUSAVG,30.0,N
10/04/2026,14,3,HB_BUSAVG,29.78,N
10/04/2026,14,4,HB_BUSAVG,29.18,N
10/04/2026,15,1,HB_BUSAVG,27.37,N
10/04/2026,15,2,HB_BUSAVG,26.25,N
10/04/2026,15,3,HB_BUSAVG,25.9,N
10/04/2026,15,4,HB_BUSAVG,25.73,N
10/04/2026,16,1,HB_BUSAVG,26.28,N
10/04/2026,16,2,HB_BUSAVG,26.6,N
10/04/2026,16,3,HB_BUSAVG,26.8,N
10/04/2026,16,4,HB_BUSAVG,31.43,N
10/04/2026,17,1,HB_BUSAVG,28.7,N
10/04/2026,17,2,HB_BUSAVG,29.58,N
10/04/2026,17,3,HB_BUSAVG,33.5,N
10/04/2026,17,4,HB_BUSAVG,35.58,N
10/04/2026,18,1,HB_BUSAVG,35.66,N
10/04/2026,18,2,HB_BUSAVG,32.88,N
10/04/2026,18,3,HB_BUSAVG,35.6,N
10/04/2026,18,4,HB_BUSAVG,48.15,N
10/04/2026,19,1,HB_BUSAVG,48.4,N
10/04/2026,19,2,HB_BUSAVG,52.04,N
10/04/2026,19,3,HB_BUSAVG,55.05,N
10/04/2026,19,4,HB_BUSAVG,54.29,N
10/04/2026,20,1,HB_BUSAVG,48.81,N
10/04/2026,20,2,HB_BUSAVG,50.71,N
10/04/2026,20,3,HB_BUSAVG,52.19,N
10/04/2026,20,4,HB_BUSAVG,50.03,N
10/04/2026,21,1,HB_BUSAVG,48.17,N
10/04/2026,21,2,HB_BUSAVG,46.12,N
10/04/2026,21,3,HB_BUSAVG,45.24,N
10/04/2026,21,4,HB_BUSAVG,44.16,N
10/04/2026,22,1,HB_BUSAVG,46.59,N
10/04/2026,22,2,HB_BUSAVG,47.57,N
10/04/2026,22,3,HB_BUSAVG,48.29,N
10/04/2026,22,4,HB_BUSAVG,49.58,N
10/04/2026,23,1,HB_BUSAVG,49.72,N
10/04/2026,23,2,HB_BUSAVG,45.85,N
10/04/2026,23,3,HB_BUSAVG,41.73,N
10/04/2026,23,4,HB_BUSAVG,39.07,N
10/04/2026,24,1,HB_BUSAVG,40.97,N
10/04/2026,24,2,HB_BUSAVG,41.25,N
10/04/2026,24,3,HB_BUSAVG,41.81,N
10/04/2026,24,4,HB_BUSAVG,41.48,N
10/03/2026,1,1,HB_BUSAVG,50.18,N
10/03/2026,1,2,HB_BUSAVG,50.03,N
10/03/2026,1,3,HB_BUSAVG,50.0,N
10/03/2026,1,4,HB_BUSAVG,49.75,N
10/03/2026,2,1,HB_BUSAVG,52.42,N
10/03/2026,2,2,HB_BUSAVG,51.94,N
10/03/2026,2,3,HB_BUSAVG,52.25,N
10/03/2026,2,4,HB_BUSAVG,48.79,N
10/03/2026,3,1,HB_BUSAVG,49.04,N
10/03/2026,3,2,HB_BUSAVG,46.32,N
10/03/2026,3,3,HB_BUSAVG,44.5,N
10/03/2026,3,4,HB_BUSAVG,43.93,N
10/03/2026,4,1,HB_BUSAVG,43.83,N
10/03/2026,4,2,HB_BUSAVG,43.7,N
10/03/2026,4,3,HB_BUSAVG,45.06,N
10/03/2026,4,4,HB_BUSAVG,44.83,N
10/03/2026,5,1,HB_BUSAVG,43.47,N
10/03/2026,5,2,HB_BUSAVG,41.5,N
10/03/2026,5,3,HB_BUSAVG,44.32,N
10/03/2026,5,4,HB_BUSAVG,42.09,N
10/03/2026,6,1,HB_BUSAVG,44.51,N
10/03/2026,6,2,HB_BUSAVG,50.63,N
10/03/2026,6,3,HB_BUSAVG,48.94,N
10/03/2026,6,4,HB_BUSAVG,44.85,N
10/03/2026,7,1,HB_BUSAVG,46.26,N
10/03/2026,7,2,HB_BUSAVG,46.4,N
10/03/2026,7,3,HB_BUSAVG,46.98,N
10/03/2026,7,4,HB_BUSAVG,48.11,N
10/03/2026,8,1,HB_BUSAVG,47.28,N
10/03/2026,8,2,HB_BUSAVG,46.14,N
10/03/2026,8,3,HB_BUSAVG,45.23,N
10/03/2026,8,4,HB_BUSAVG,47.34,N
10/03/2026,9,1,HB_BUSAVG,53.84,N
10/03/2026,9,2,HB_BUSAVG,50.81,N
10/03/2026,9,3,HB_BUSAVG,50.77,N
10/03/2026,9,4,HB_BUSAVG,48.69,N
10/03/2026,10,1,HB_BUSAVG,57.16,N
10/03/2026,10,2,HB_BUSAVG,56.13,N
10/03/2026,10,3,HB_BUSAVG,52.57,N
10/03/2026,10,4,HB_BUSAVG,49.9,N
10/03/2026,11,1,HB_BUSAVG,57.69,N
10/03/2026,11,2,HB_BUSAVG,57.57,N
10/03/2026,11,3,HB_BUSAVG,63.94,N
10/03/2026,11,4,HB_BUSAVG,51.65,N
10/03/2026,12,1,HB_BUSAVG,56.67,N
10/03/2026,12,2,HB_BUSAVG,51.82,N
10/03/2026,12,3,HB_BUSAVG,51.05,N
10/03/2026,12,4,HB_BUSAVG,52.7,N
10/03/2026,13,1,HB_BUSAVG,47.09,N
10/03/2026,13,2,HB_BUSAVG,49.26,N
10/03/2026,13,3,HB_BUSAVG,49.63,N
10/03/2026,13,4,HB_BUSAVG,49.51,N
10/03/2026,14,1,HB_BUSAVG,50.65,N
10/03/2026,14,2,HB_BUSAVG,53.33,N
10/03/2026,14,3,HB_BUSAVG,53.61,N
10/03/2026,14,4,HB_BUSAVG,53.78,N
10/03/2026,15,1,HB_BUSAVG,54.85,N
10/03/2026,15,2,HB_BUSAVG,57.09,N
10/03/2026,15,3,HB_BUSAVG,59.84,N
10/03/2026,15,4,HB_BUSAVG,57.07,N
10/03/2026,16,1,HB_BUSAVG,53.03,N
10/03/2026,16,2,HB_BUSAVG,45.32,N
10/03/2026,16,3,HB_BUSAVG,43.16,N
10/03/2026,16,4,HB_BUSAVG,44.43,N
10/03/2026,17,1,HB_BUSAVG,38.74,N
10/03/2026,17,2,HB_BUSAVG,39.59,N
10/03/2026,17,3,HB_BUSAVG,41.73,N
10/03/2026,17,4,HB_BUSAVG,52.05,N
10/03/2026,18,1,HB_BUSAVG,45.48,N
10/03/2026,18,2,HB_BUSAVG,50.67,N
10/03/2026,18,3,HB_BUSAVG,55.58,N
10/03/2026,18,4,HB_BUSAVG,50.11,N
10/03/2026,19,1,HB_BUSAVG,43.36,N
10/03/2026,19,2,HB_BUSAVG,52.67,N
10/03/2026,19,3,HB_BUSAVG,64.37,N
10/03/2026,19,4,HB_BUSAVG,68.71,N
10/03/2026,20,1,HB_BUSAVG,59.82,N
10/03/2026,20,2,HB_BUSAVG,59.65,N
10/03/2026,20,3,HB_BUSAVG,60.14,N
10/03/2026,20,4,HB_BUSAVG,61.33,N
10/03/2026,21,1,HB_BUSAVG,67.89,N
10/03/2026,21,2,HB_BUSAVG,64.65,N
10/03/2026,21,3,HB_BUSAVG,65.89,N
10/03/2026,21,4,HB_BUSAVG,63.25,N
10/03/2026,22,1,HB_BUSAVG,58.3,N
10/03/2026,22,2,HB_BUSAVG,55.58,N
10/03/2026,22,3,HB_BUSAVG,53.49,N
10/03/2026,22,4,HB_BUSAVG,52.88,N
10/03/2026,23,1,HB_BUSAVG,58.2,N
10/03/2026,23,2,HB_BUSAVG,60.32,N
10/03/2026,23,3,HB_BUSAVG,59.79,N
10/03/2026,23,4,HB_BUSAVG,57.55,N
10/03/2026,24,1,HB_BUSAVG,60.9,N
10/03/2026,24,2,HB_BUSAVG,63.33,N
10/03/2026,24,3,HB_BUSAVG,65.09,N
10/03/2026,24,4,HB_BUSAVG,64.16,N
10/02/2026,1,1,HB_BUSAVG,52.71,N
10/02/2026,1,2,HB_BUSAVG,43.2,N
10/02/2026,1,3,HB_BUSAVG,42.4,N
10/02/2026,1,4,HB_BUSAVG,42.14,N
10/02/2026,2,1,HB_BUSAVG,49.19,N
10/02/2026,2,2,HB_BUSAVG,50.57,N
10/02/2026,2,3,HB_BUSAVG,44.96,N
10/02/2026,2,4,HB_BUSAVG,39.36,N
10/02/2026,3,1,HB_BUSAVG,39.01,N
10/02/2026,3,2,HB_BUSAVG,33.89,N
10/02/2026,3,3,HB_BUSAVG,34.41,N
10/02/2026,3,4,HB_BUSAVG,34.33,N
10/02/2026,4,1,HB_BUSAVG,32.59,N
10/02/2026,4,2,HB_BUSAVG,32.7,N
10/02/2026,4,3,HB_BUSAVG,32.93,N
10/02/2026,4,4,HB_BUSAVG,33.11,N
10/02/2026,5,1,HB_BUSAVG,37.46,N
10/02/2026,5,2,HB_BUSAVG,37.21,N
10/02/2026,5,3,HB_BUSAVG,37.23,N
10/02/2026,5,4,HB_BUSAVG,35.65,N
10/02/2026,6,1,HB_BUSAVG,33.49,N
10/02/2026,6,2,HB_BUSAVG,33.93,N
10/02/2026,6,3,HB_BUSAVG,34.62,N
10/02/2026,6,4,HB_BUSAVG,33.88,N
10/02/2026,7,1,HB_BUSAVG,32.79,N
10/02/2026,7,2,HB_BUSAVG,34.33,N
10/02/2026,7,3,HB_BUSAVG,35.12,N
10/02/2026,7,4,HB_BUSAVG,36.99,N
10/02/2026,8,1,HB_BUSAVG,38.73,N
10/02/2026,8,2,HB_BUSAVG,38.71,N
10/02/2026,8,3,HB_BUSAVG,39.39,N
10/02/2026,8,4,HB_BUSAVG,35.73,N
10/02/2026,9,1,HB_BUSAVG,38.07,N
10/02/2026,9,2,HB_BUSAVG,38.98,N
10/02/2026,9,3,HB_BUSAVG,40.12,N
10/02/2026,9,4,HB_BUSAVG,38.7,N
10/02/2026,10,1,HB_BUSAVG,43.07,N
10/02/2026,10,2,HB_BUSAVG,43.25,N
10/02/2026,10,3,HB_BUSAVG,41.9,N
10/02/2026,10,4,HB_BUSAVG,35.28,N
10/02/2026,11,1,HB_BUSAVG,44.29,N
10/02/2026,11,2,HB_BUSAVG,43.11,N
10/02/2026,11,3,HB_BUSAVG,39.43,N
10/02/2026,11,4,HB_BUSAVG,34.95,N
10/02/2026,12,1,HB_BUSAVG,36.52,N
10/02/2026,12,2,HB_BUSAVG,37.92,N
10/02/2026,12,3,HB_BUSAVG,38.15,N
10/02/2026,12,4,HB_BUSAVG,34.79,N
10/02/2026,13,1,HB_BUSAVG,35.18,N
10/02/2026,13,2,HB_BUSAVG,36.46,N
10/02/2026,13,3,HB_BUSAVG,37.33,N
10/02/2026,13,4,HB_BUSAVG,35.61,N
10/02/2026,14,1,HB_BUSAVG,35.54,N
10/02/2026,14,2,HB_BUSAVG,34.91,N
10/02/2026,14,3,HB_BUSAVG,33.75,N
10/02/2026,14,4,HB_BUSAVG,35.37,N
10/02/2026,15,1,HB_BUSAVG,35.86,N
10/02/2026,15,2,HB_BUSAVG,36.96,N
10/02/2026,15,3,HB_BUSAVG,37.83,N
10/02/2026,15,4,HB_BUSAVG,39.98,N
10/02/2026,16,1,HB_BUSAVG,39.55,N
10/02/2026,16,2,HB_BUSAVG,42.9,N
10/02/2026,16,3,HB_BUSAVG,42.48,N
10/02/2026,16,4,HB_BUSAVG,45.12,N
10/02/2026,17,1,HB_BUSAVG,48.2,N
10/02/2026,17,2,HB_BUSAVG,47.63,N
10/02/2026,17,3,HB_BUSAVG,46.75,N
10/02/2026,17,4,HB_BUSAVG,39.97,N
10/02/2026,18,1,HB_BUSAVG,34.58,N
10/02/2026,18,2,HB_BUSAVG,38.03,N
10/02/2026,18,3,HB_BUSAVG,38.01,N
10/02/2026,18,4,HB_BUSAVG,41.24,N
10/02/2026,19,1,HB_BUSAVG,34.37,N
10/02/2026,19,2,HB_BUSAVG,40.34,N
10/02/2026,19,3,HB_BUSAVG,44.02,N
10/02/2026,19,4,HB_BUSAVG,43.97,N
10/02/2026,20,1,HB_BUSAVG,40.11,N
10/02/2026,20,2,HB_BUSAVG,42.29,N
10/02/2026,20,3,HB_BUSAVG,42.12,N
10/02/2026,20,4,HB_BUSAVG,42.5,N
10/02/2026,21,1,HB_BUSAVG,42.4,N
10/02/2026,21,2,HB_BUSAVG,41.67,N
10/02/2026,21,3,HB_BUSAVG,41.93,N
10/02/2026,21,4,HB_BUSAVG,42.63,N
10/02/2026,22,1,HB_BUSAVG,42.41,N
10/02/2026,22,2,HB_BUSAVG,42.34,N
10/02/2026,22,3,HB_BUSAVG,42.82,N
10/02/2026,22,4,HB_BUSAVG,45.15,N
10/02/2026,23,1,HB_BUSAVG,44.71,N
10/02/2026,23,2,HB_BUSAVG,45.09,N
10/02/2026,23,3,HB_BUSAVG,45.18,N
10/02/2026,23,4,HB_BUSAVG,44.87,N
10/02/2026,24,1,HB_BUSAVG,47.5,N
10/02/2026,24,2,HB_BUSAVG,45.6,N
10/02/2026,24,3,HB_BUSAVG,46.03,N
10/02/2026,24,4,HB_BUSAVG,46.91,N
10/01/2026,1,1,HB_BUSAVG,34.61,N
10/01/2026,1,2,HB_BUSAVG,35.51,N
10/01/2026,1,3,HB_BUSAVG,40.13,N
10/01/2026,1,4,HB_BUSAVG,44.47,N
10/01/2026,2,1,HB_BUSAVG,46.51,N
10/01/2026,2,2,HB_BUSAVG,44.33,N
10/01/2026,2,3,HB_BUSAVG,42.95,N
10/01/2026,2,4,HB_BUSAVG,45.98,N
10/01/2026,3,1,HB_BUSAVG,44.74,N
10/01/2026,3,2,HB_BUSAVG,46.86,N
10/01/2026,3,3,HB_BUSAVG,50.46,N
10/01/2026,3,4,HB_BUSAVG,48.45,N
10/01/2026,4,1,HB_BUSAVG,48.64,N
10/01/2026,4,2,HB_BUSAVG,48.25,N
10/01/2026,4,3,HB_BUSAVG,48.59,N
10/01/2026,4,4,HB_BUSAVG,50.44,N
10/01/2026,5,1,HB_BUSAVG,47.81,N
10/01/2026,5,2,HB_BUSAVG,51.32,N
10/01/2026,5,3,HB_BUSAVG,54.18,N
10/01/2026,5,4,HB_BUSAVG,54.6,N
10/01/2026,6,1,HB_BUSAVG,52.51,N
10/01/2026,6,2,HB_BUSAVG,55.98,N
10/01/2026,6,3,HB_BUSAVG,57.69,N
10/01/2026,6,4,HB_BUSAVG,61.92,N
10/01/2026,7,1,HB_BUSAVG,51.19,N
10/01/2026,7,2,HB_BUSAVG,51.86,N
10/01/2026,7,3,HB_BUSAVG,50.42,N
10/01/2026,7,4,HB_BUSAVG,53.34,N
10/01/2026,8,1,HB_BUSAVG,53.32,N
10/01/2026,8,2,HB_BUSAVG,50.73,N
10/01/2026,8,3,HB_BUSAVG,48.83,N
10/01/2026,8,4,HB_BUSAVG,47.22,N
10/01/2026,9,1,HB_BUSAVG,53.96,N
10/01/2026,9,2,HB_BUSAVG,42.68,N
10/01/2026,9,3,HB_BUSAVG,35.19,N
10/01/2026,9,4,HB_BUSAVG,31.6,N
10/01/2026,10,1,HB_BUSAVG,36.03,N
10/01/2026,10,2,HB_BUSAVG,37.49,N
10/01/2026,10,3,HB_BUSAVG,36.29,N
10/01/2026,10,4,HB_BUSAVG,37.58,N
10/01/2026,11,1,HB_BUSAVG,39.79,N
10/01/2026,11,2,HB_BUSAVG,40.29,N
10/01/2026,11,3,HB_BUSAVG,42.28,N
10/01/2026,11,4,HB_BUSAVG,38.06,N
10/01/2026,12,1,HB_BUSAVG,35.57,N
10/01/2026,12,2,HB_BUSAVG,35.24,N
10/01/2026,12,3,HB_BUSAVG,35.84,N
10/01/2026,12,4,HB_BUSAVG,35.46,N
10/01/2026,13,1,HB_BUSAVG,35.83,N
10/01/2026,13,2,HB_BUSAVG,35.33,N
10/01/2026,13,3,HB_BUSAVG,34.32,N
10/01/2026,13,4,HB_BUSAVG,30.96,N
10/01/2026,14,1,HB_BUSAVG,28.34,N
10/01/2026,14,2,HB_BUSAVG,26.8,N
10/01/2026,14,3,HB_BUSAVG,26.71,N
10/01/2026,14,4,HB_BUSAVG,24.39,N
10/01/2026,15,1,HB_BUSAVG,23.39,N
10/01/2026,15,2,HB_BUSAVG,23.25,N
10/01/2026,15,3,HB_BUSAVG,22.94,N
10/01/2026,15,4,HB_BUSAVG,22.09,N
10/01/2026,16,1,HB_BUSAVG,22.46,N
10/01/2026,16,2,HB_BUSAVG,23.79,N
10/01/2026,16,3,HB_BUSAVG,23.5,N
10/01/2026,16,4,HB_BUSAVG,22.26,N
10/01/2026,17,1,HB_BUSAVG,22.67,N
10/01/2026,17,2,HB_BUSAVG,23.53,N
10/01/2026,17,3,HB_BUSAVG,27.89,N
10/01/2026,18,1,HB_BUSAVG,27.24,N
10/01/2026,18,2,HB_BUSAVG,29.19,N
10/01/2026,18,3,HB_BUSAVG,32.76,N
10/01/2026,18,4,HB_BUSAVG,33.26,N
10/01/2026,19,1,HB_BUSAVG,31.88,N
10/01/2026,19,2,HB_BUSAVG,38.65,N
10/01/2026,19,3,HB_BUSAVG,42.14,N
10/01/2026,19,4,HB_BUSAVG,46.87,N
10/01/2026,20,1,HB_BUSAVG,40.59,N
10/01/2026,20,2,HB_BUSAVG,42.37,N
10/01/2026,20,3,HB_BUSAVG,44.13,N
10/01/2026,20,4,HB_BUSAVG,44.75,N
10/01/2026,21,1,HB_BUSAVG,50.29,N
10/01/2026,21,2,HB_BUSAVG,48.23,N
10/01/2026,21,3,HB_BUSAVG,45.94,N
10/01/2026,21,4,HB_BUSAVG,45.9,N
10/01/2026,22,1,HB_BUSAVG,44.9,N
10/01/2026,22,2,HB_BUSAVG,45.7,N
10/01/2026,22,3,HB_BUSAVG,45.97,N
10/01/2026,22,4,HB_BUSAVG,47.89,N
10/01/2026,23,1,HB_BUSAVG,67.43,N
10/01/2026,23,2,HB_BUSAVG,72.88,N
10/01/2026,23,3,HB_BUSAVG,77.41,N
10/01/2026,23,4,HB_BUSAVG,66.9,N
10/01/2026,24,1,HB_BUSAVG,62.98,N
10/01/2026,24,2,HB_BUSAVG,64.99,N
10/01/2026,24,3,HB_BUSAVG,53.14,N
10/01/2026,24,4,HB_BUSAVG,48.74,N
09/30/2026,1,1,HB_BUSAVG,23.83,N
09/30/2026,1,2,HB_BUSAVG,23.8,N
09/30/2026,1,3,HB_BUSAVG,23.06,N
09/30/2026,1,4,HB_BUSAVG,22.11,N
09/30/2026,2,1,HB_BUSAVG,21.49,N
09/30/2026,2,2,HB_BUSAVG,20.94,N
09/30/2026,2,3,HB_BUSAVG,20.52,N
09/30/2026,2,4,HB_BUSAVG,20.5,N
09/30/2026,3,1,HB_BUSAVG,21.32,N
09/30/2026,3,2,HB_BUSAVG,20.57,N
09/30/2026,3,3,HB_BUSAVG,20.36,N
09/30/2026,3,4,HB_BUSAVG,20.25,N
09/30/2026,4,1,HB_BUSAVG,20.02,N
09/30/2026,4,2,HB_BUSAVG,19.88,N
09/30/2026,4,3,HB_BUSAVG,19.74,N
09/30/2026,4,4,HB_BUSAVG,19.54,N
09/30/2026,5,1,HB_BUSAVG,17.97,N
09/30/2026,5,2,HB_BUSAVG,17.34,N
09/30/2026,5,3,HB_BUSAVG,17.3,N
09/30/2026,5,4,HB_BUSAVG,19.5,N
09/30/2026,6,1,HB_BUSAVG,20.02,N
09/30/2026,6,2,HB_BUSAVG,21.45,N
09/30/2026,6,3,HB_BUSAVG,22.74,N
09/30/2026,6,4,HB_BUSAVG,25.25,N
09/30/2026,7,1,HB_BUSAVG,28.13,N
09/30/2026,7,2,HB_BUSAVG,29.55,N
09/30/2026,7,3,HB_BUSAVG,29.43,N
09/30/2026,7,4,HB_BUSAVG,29.41,N
09/30/2026,8,1,HB_BUSAVG,27.44,N
09/30/2026,8,2,HB_BUSAVG,26.6,N
09/30/2026,8,3,HB_BUSAVG,24.05,N
09/30/2026,8,4,HB_BUSAVG,21.73,N
09/30/2026,9,1,HB_BUSAVG,21.79,N
09/30/2026,9,2,HB_BUSAVG,18.93,N
09/30/2026,9,3,HB_BUSAVG,16.35,N
09/30/2026,9,4,HB_BUSAVG,14.91,N
09/30/2026,10,1,HB_BUSAVG,15.82,N
09/30/2026,10,2,HB_BUSAVG,15.41,N
09/30/2026,10,3,HB_BUSAVG,15.75,N
09/30/2026,10,4,HB_BUSAVG,15.32,N
09/30/2026,11,1,HB_BUSAVG,15.21,N
09/30/2026,11,2,HB_BUSAVG,15.45,N
09/30/2026,11,3,HB_BUSAVG,16.89,N
09/30/2026,11,4,HB_BUSAVG,18.1,N
09/30/2026,12,1,HB_BUSAVG,18.76,N
09/30/2026,12,2,HB_BUSAVG,20.87,N
09/30/2026,12,3,HB_BUSAVG,21.43,N
09/30/2026,12,4,HB_BUSAVG,18.32,N
09/30/2026,13,1,HB_BUSAVG,20.11,N
09/30/2026,13,2,HB_BUSAVG,21.1,N
09/30/2026,13,3,HB_BUSAVG,22.91,N
09/30/2026,13,4,HB_BUSAVG,23.43,N
09/30/2026,14,1,HB_BUSAVG,24.1,N
09/30/2026,14,2,HB_BUSAVG,25.04,N
09/30/2026,14,3,HB_BUSAVG,23.4,N
09/30/2026,14,4,HB_BUSAVG,23.09,N
09/30/2026,15,1,HB_BUSAVG,22.19,N
09/30/2026,15,2,HB_BUSAVG,23.25,N
09/30/2026,15,3,HB_BUSAVG,22.81,N
09/30/2026,15,4,HB_BUSAVG,21.99,N
09/30/2026,16,1,HB_BUSAVG,20.72,N
09/30/2026,16,2,HB_BUSAVG,20.72,N
09/30/2026,16,3,HB_BUSAVG,23.08,N
09/30/2026,16,4,HB_BUSAVG,22.68,N
09/30/2026,17,1,HB_BUSAVG,26.0,N
09/30/2026,17,2,HB_BUSAVG,29.65,N
09/30/2026,17,3,HB_BUSAVG,30.3,N
09/30/2026,17,4,HB_BUSAVG,30.4,N
09/30/2026,18,1,HB_BUSAVG,23.53,N
09/30/2026,18,2,HB_BUSAVG,23.0,N
09/30/2026,18,3,HB_BUSAVG,24.9,N
09/30/2026,18,4,HB_BUSAVG,27.02,N
09/30/2026,19,1,HB_BUSAVG,29.45,N
09/30/2026,19,2,HB_BUSAVG,39.93,N
09/30/2026,19,3,HB_BUSAVG,43.55,N
09/30/2026,19,4,HB_BUSAVG,46.22,N
09/30/2026,20,1,HB_BUSAVG,43.74,N
09/30/2026,20,2,HB_BUSAVG,48.59,N
09/30/2026,20,3,HB_BUSAVG,49.7,N
09/30/2026,20,4,HB_BUSAVG,46.59,N
09/30/2026,21,1,HB_BUSAVG,41.74,N
09/30/2026,21,2,HB_BUSAVG,40.03,N
09/30/2026,21,3,HB_BUSAVG,38.08,N
09/30/2026,21,4,HB_BUSAVG,39.98,N
09/30/2026,22,1,HB_BUSAVG,41.29,N
09/30/2026,22,2,HB_BUSAVG,40.49,N
09/30/2026,22,3,HB_BUSAVG,39.73,N
09/30/2026,22,4,HB_BUSAVG,38.92,N
09/30/2026,23,1,HB_BUSAVG,39.41,N
09/30/2026,23,2,HB_BUSAVG,42.48,N
09/30/2026,23,3,HB_BUSAVG,47.31,N
09/30/2026,23,4,HB_BUSAVG,48.36,N
09/30/2026,24,1,HB_BUSAVG,42.61,N
09/30/2026,24,2,HB_BUSAVG,40.86,N
09/30/2026,24,3,HB_BUSAVG,39.56,N
09/30/2026,24,4,HB_BUSAVG,36.29,N
10/06/2026,1,1,HB_HOUSTON,44.3,N
10/06/2026,1,2,HB_HOUSTON,45.57,N
10/06/2026,1,3,HB_HOUSTON,43.03,N
10/05/2026,1,1,HB_HOUSTON,39.69,N
10/05/2026,1,2,HB_HOUSTON,37.87,N
10/05/2026,1,3,HB_HOUSTON,36.86,N
10/05/2026,1,4,HB_HOUSTON,37.24,N
10/05/2026,2,1,HB_HOUSTON,36.91,N
10/05/2026,2,2,HB_HOUSTON,33.1,N
10/05/2026,2,3,HB_HOUSTON,29.17,N
10/05/2026,2,4,HB_HOUSTON,28.61,N
10/05/2026,3,1,HB_HOUSTON,29.79,N
10/05/2026,3,2,HB_HOUSTON,30.52,N
10/05/2026,3,3,HB_HOUSTON,30.33,N
10/05/2026,3,4,HB_HOUSTON,29.4,N
10/05/2026,4,1,HB_HOUSTON,36.18,N
10/05/2026,4,2,HB_HOUSTON,34.27,N
10/05/2026,4,3,HB_HOUSTON,31.62,N
10/05/2026,4,4,HB_HOUSTON,30.67,N
10/05/2026,5,1,HB_HOUSTON,27.38,N
10/05/2026,5,2,HB_HOUSTON,28.05,N
10/05/2026,5,3,HB_HOUSTON,28.28,N
10/05/2026,5,4,HB_HOUSTON,28.43,N
10/05/2026,6,1,HB_HOUSTON,29.47,N
10/05/2026,6,2,HB_HOUSTON,31.37,N
10/05/2026,6,3,HB_HOUSTON,33.17,N
10/05/2026,6,4,HB_HOUSTON,37.18,N
10/05/2026,7,1,HB_HOUSTON,39.8,N
10/05/2026,7,2,HB_HOUSTON,41.36,N
10/05/2026,7,3,HB_HOUSTON,45.51,N
10/05/2026,7,4,HB_HOUSTON,45.3,N
10/05/2026,8,1,HB_HOUSTON,47.79,N
10/05/2026,8,2,HB_HOUSTON,50.47,N
10/05/2026,8,3,HB_HOUSTON,45.22,N
10/05/2026,8,4,HB_HOUSTON,46.46,N
10/05/2026,9,1,HB_HOUSTON,39.52,N
10/05/2026,9,2,HB_HOUSTON,30.19,N
10/05/2026,9,3,HB_HOUSTON,26.06,N
10/05/2026,9,4,HB_HOUSTON,21.54,N
10/05/2026,10,1,HB_HOUSTON,25.68,N
10/05/2026,10,2,HB_HOUSTON,22.91,N
10/05/2026,10,3,HB_HOUSTON,22.37,N
10/05/2026,10,4,HB_HOUSTON,22.63,N
10/05/2026,11,1,HB_HOUSTON,24.53,N
10/05/2026,11,2,HB_HOUSTON,22.29,N
10/05/2026,11,3,HB_HOUSTON,21.62,N
10/05/2026,11,4,HB_HOUSTON,21.6,N
10/05/2026,12,1,HB_HOUSTON,21.63,N
10/05/2026,12,2,HB_HOUSTON,22.58,N
10/05/2026,12,3,HB_HOUSTON,23.71,N
10/05/2026,12,4,HB_HOUSTON,25.92,N
10/05/2026,13,1,HB_HOUSTON,26.12,N
10/05/2026,13,2,HB_HOUSTON,27.95,N
10/05/2026,13,3,HB_HOUSTON,31.21,N
10/05/2026,13,4,HB_HOUSTON,30.11,N
10/05/2026,14,1,HB_HOUSTON,47.55,N
10/05/2026,14,2,HB_HOUSTON,53.18,N
10/05/2026,14,3,HB_HOUSTON,45.83,N
10/05/2026,14,4,HB_HOUSTON,33.38,N
10/05/2026,15,1,HB_HOUSTON,39.64,N
10/05/2026,15,2,HB_HOUSTON,41.16,N
10/05/2026,15,3,HB_HOUSTON,43.91,N
10/05/2026,15,4,HB_HOUSTON,43.41,N
10/05/2026,16,1,HB_HOUSTON,50.93,N
10/05/2026,16,2,HB_HOUSTON,51.63,N
10/05/2026,16,3,HB_HOUSTON,50.23,N
10/05/2026,16,4,HB_HOUSTON,46.22,N
10/05/2026,17,1,HB_HOUSTON,54.03,N
10/05/2026,17,2,HB_HOUSTON,59.53,N
10/05/2026,17,3,HB_HOUSTON,65.42,N
10/05/2026,17,4,HB_HOUSTON,54.21,N
10/05/2026,18,1,HB_HOUSTON,45.67,N
10/05/2026,18,2,HB_HOUSTON,67.03,N
10/05/2026,18,3,HB_HOUSTON,93.05,N
10/05/2026,18,4,HB_HOUSTON,119.85,N
10/05/2026,19,1,HB_HOUSTON,93.98,N
10/05/2026,19,2,HB_HOUSTON,112.15,N
10/05/2026,19,3,HB_HOUSTON,119.85,N
10/05/2026,19,4,HB_HOUSTON,134.87,N
10/05/2026,20,1,HB_HOUSTON,115.84,N
10/05/2026,20,2,HB_HOUSTON,126.8,N
10/05/2026,20,3,HB_HOUSTON,129.99,N
10/05/2026,20,4,HB_HOUSTON,134.92,N
10/05/2026,21,1,HB_HOUSTON,193.91,N
10/05/2026,21,2,HB_HOUSTON,230.28,N
10/05/2026,21,3,HB_HOUSTON,278.73,N
10/05/2026,21,4,HB_HOUSTON,240.42,N
10/05/2026,22,1,HB_HOUSTON,380.34,N
10/05/2026,22,2,HB_HOUSTON,468.89,N
10/05/2026,22,3,HB_HOUSTON,270.33,N
10/05/2026,22,4,HB_HOUSTON,134.32,N
10/05/2026,23,1,HB_HOUSTON,114.76,N
10/05/2026,23,2,HB_HOUSTON,76.77,N
10/05/2026,23,3,HB_HOUSTON,60.31,N
10/05/2026,23,4,HB_HOUSTON,50.43,N
10/05/2026,24,1,HB_HOUSTON,54.03,N
10/05/2026,24,2,HB_HOUSTON,55.13,N
10/05/2026,24,3,HB_HOUSTON,48.51,N
10/05/2026,24,4,HB_HOUSTON,46.43,N
10/04/2026,1,1,HB_HOUSTON,40.54,N
10/04/2026,1,2,HB_HOUSTON,39.78,N
10/04/2026,1,3,HB_HOUSTON,39.84,N
10/04/2026,1,4,HB_HOUSTON,42.23,N
10/04/2026,2,1,HB_HOUSTON,50.23,N
10/04/2026,2,2,HB_HOUSTON,45.91,N
10/04/2026,2,3,HB_HOUSTON,42.06,N
10/04/2026,2,4,HB_HOUSTON,41.26,N
10/04/2026,3,1,HB_HOUSTON,52.66,N
10/04/2026,3,2,HB_HOUSTON,43.51,N
10/04/2026,3,3,HB_HOUSTON,40.1,N
10/04/2026,3,4,HB_HOUSTON,37.27,N
10/04/2026,4,1,HB_HOUSTON,50.72,N
10/04/2026,4,2,HB_HOUSTON,41.44,N
10/04/2026,4,3,HB_HOUSTON,33.81,N
10/04/2026,4,4,HB_HOUSTON,33.26,N
10/04/2026,5,1,HB_HOUSTON,37.07,N
10/04/2026,5,2,HB_HOUSTON,35.02,N
10/04/2026,5,3,HB_HOUSTON,33.89,N
10/04/2026,5,4,HB_HOUSTON,31.69,N
10/04/2026,6,1,HB_HOUSTON,33.41,N
10/04/2026,6,2,HB_HOUSTON,36.01,N
10/04/2026,6,3,HB_HOUSTON,35.18,N
10/04/2026,6,4,HB_HOUSTON,33.54,N
10/04/2026,7,1,HB_HOUSTON,34.94,N
10/04/2026,7,2,HB_HOUSTON,35.07,N
10/04/2026,7,3,HB_HOUSTON,30.87,N
10/04/2026,7,4,HB_HOUSTON,32.76,N
10/04/2026,8,1,HB_HOUSTON,37.74,N
10/04/2026,8,2,HB_HOUSTON,35.38,N
10/04/2026,8,3,HB_HOUSTON,34.53,N
10/04/2026,8,4,HB_HOUSTON,34.53,N
10/04/2026,9,1,HB_HOUSTON,33.29,N
10/04/2026,9,2,HB_HOUSTON,29.51,N
10/04/2026,9,3,HB_HOUSTON,26.68,N
10/04/2026,9,4,HB_HOUSTON,24.42,N
10/04/2026,10,1,HB_HOUSTON,29.74,N
10/04/2026,10,2,HB_HOUSTON,30.12,N
10/04/2026,10,3,HB_HOUSTON,30.46,N
10/04/2026,10,4,HB_HOUSTON,30.34,N
10/04/2026,11,1,HB_HOUSTON,34.37,N
10/04/2026,11,2,HB_HOUSTON,30.44,N
10/04/2026,11,3,HB_HOUSTON,26.81,N
10/04/2026,11,4,HB_HOUSTON,25.48,N
10/04/2026,12,1,HB_HOUSTON,25.95,N
10/04/2026,12,2,HB_HOUSTON,26.31,N
10/04/2026,12,3,HB_HOUSTON,28.2,N
10/04/2026,12,4,HB_HOUSTON,30.45,N
10/04/2026,13,1,HB_HOUSTON,33.39,N
10/04/2026,13,2,HB_HOUSTON,34.61,N
10/04/2026,13,3,HB_HOUSTON,33.35,N
10/04/2026,13,4,HB_HOUSTON,32.79,N
10/04/2026,14,1,HB_HOUSTON,31.85,N
10/04/2026,14,2,HB_HOUSTON,30.0,N
10/04/2026,14,3,HB_HOUSTON,29.79,N
10/04/2026,14,4,HB_HOUSTON,29.19,N
10/04/2026,15,1,HB_HOUSTON,27.41,N
10/04/2026,15,2,HB_HOUSTON,26.28,N
10/04/2026,15,3,HB_HOUSTON,25.9,N
10/04/2026,15,4,HB_HOUSTON,25.73,N
10/04/2026,16,1,HB_HOUSTON,26.28,N
10/04/2026,16,2,HB_HOUSTON,26.6,N
10/04/2026,16,3,HB_HOUSTON,26.8,N
10/04/2026,16,4,HB_HOUSTON,31.48,N
10/04/2026,17,1,HB_HOUSTON,28.7,N
10/04/2026,17,2,HB_HOUSTON,29.58,N
10/04/2026,17,3,HB_HOUSTON,33.5,N
10/04/2026,17,4,HB_HOUSTON,35.58,N
10/04/2026,18,1,HB_HOUSTON,35.66,N
10/04/2026,18,2,HB_HOUSTON,32.88,N
10/04/2026,18,3,HB_HOUSTON,35.68,N
10/04/2026,18,4,HB_HOUSTON,48.24,N
10/04/2026,19,1,HB_HOUSTON,48.43,N
10/04/2026,19,2,HB_HOUSTON,52.04,N
10/04/2026,19,3,HB_HOUSTON,53.32,N
10/04/2026,19,4,HB_HOUSTON,52.62,N
10/04/2026,20,1,HB_HOUSTON,45.56,N
10/04/2026,20,2,HB_HOUSTON,47.41,N
10/04/2026,20,3,HB_HOUSTON,48.8,N
10/04/2026,20,4,HB_HOUSTON,46.96,N
10/04/2026,21,1,HB_HOUSTON,45.47,N
10/04/2026,21,2,HB_HOUSTON,44.03,N
10/04/2026,21,3,HB_HOUSTON,43.38,N
10/04/2026,21,4,HB_HOUSTON,42.53,N
10/04/2026,22,1,HB_HOUSTON,45.41,N
10/04/2026,22,2,HB_HOUSTON,46.55,N
10/04/2026,22,3,HB_HOUSTON,47.08,N
10/04/2026,22,4,HB_HOUSTON,48.43,N
10/04/2026,23,1,HB_HOUSTON,48.27,N
10/04/2026,23,2,HB_HOUSTON,44.98,N
10/04/2026,23,3,HB_HOUSTON,41.02,N
10/04/2026,23,4,HB_HOUSTON,38.47,N
10/04/2026,24,1,HB_HOUSTON,40.27,N
10/04/2026,24,2,HB_HOUSTON,40.55,N
10/04/2026,24,3,HB_HOUSTON,41.08,N
10/04/2026,24,4,HB_HOUSTON,40.77,N
10/03/2026,1,1,HB_HOUSTON,50.18,N
10/03/2026,1,2,HB_HOUSTON,50.03,N
10/03/2026,1,3,HB_HOUSTON,50.0,N
10/03/2026,1,4,HB_HOUSTON,49.72,N
10/03/2026,2,1,HB_HOUSTON,52.04,N
10/03/2026,2,2,HB_HOUSTON,51.66,N
10/03/2026,2,3,HB_HOUSTON,51.99,N
10/03/2026,2,4,HB_HOUSTON,48.74,N
10/03/2026,3,1,HB_HOUSTON,49.04,N
10/03/2026,3,2,HB_HOUSTON,46.32,N
10/03/2026,3,3,HB_HOUSTON,44.43,N
10/03/2026,3,4,HB_HOUSTON,43.8,N
10/03/2026,4,1,HB_HOUSTON,43.68,N
10/03/2026,4,2,HB_HOUSTON,43.54,N
10/03/2026,4,3,HB_HOUSTON,44.85,N
10/03/2026,4,4,HB_HOUSTON,44.68,N
10/03/2026,5,1,HB_HOUSTON,43.17,N
10/03/2026,5,2,HB_HOUSTON,41.12,N
10/03/2026,5,3,HB_HOUSTON,43.79,N
10/03/2026,5,4,HB_HOUSTON,41.5,N
10/03/2026,6,1,HB_HOUSTON,43.68,N
10/03/2026,6,2,HB_HOUSTON,49.84,N
10/03/2026,6,3,HB_HOUSTON,48.13,N
10/03/2026,6,4,HB_HOUSTON,43.94,N
10/03/2026,7,1,HB_HOUSTON,44.82,N
10/03/2026,7,2,HB_HOUSTON,45.29,N
10/03/2026,7,3,HB_HOUSTON,45.63,N
10/03/2026,7,4,HB_HOUSTON,46.99,N
10/03/2026,8,1,HB_HOUSTON,46.1,N
10/03/2026,8,2,HB_HOUSTON,44.82,N
10/03/2026,8,3,HB_HOUSTON,44.02,N
10/03/2026,8,4,HB_HOUSTON,45.46,N
10/03/2026,9,1,HB_HOUSTON,50.81,N
10/03/2026,9,2,HB_HOUSTON,47.44,N
10/03/2026,9,3,HB_HOUSTON,46.21,N
10/03/2026,9,4,HB_HOUSTON,44.21,N
10/03/2026,10,1,HB_HOUSTON,53.03,N
10/03/2026,10,2,HB_HOUSTON,52.43,N
10/03/2026,10,3,HB_HOUSTON,50.38,N
10/03/2026,10,4,HB_HOUSTON,48.19,N
10/03/2026,11,1,HB_HOUSTON,56.21,N
10/03/2026,11,2,HB_HOUSTON,56.28,N
10/03/2026,11,3,HB_HOUSTON,62.68,N
10/03/2026,11,4,HB_HOUSTON,50.63,N
10/03/2026,12,1,HB_HOUSTON,55.84,N
10/03/2026,12,2,HB_HOUSTON,52.9,N
10/03/2026,12,3,HB_HOUSTON,50.68,N
10/03/2026,12,4,HB_HOUSTON,52.0,N
10/03/2026,13,1,HB_HOUSTON,46.8,N
10/03/2026,13,2,HB_HOUSTON,49.16,N
10/03/2026,13,3,HB_HOUSTON,51.97,N
10/03/2026,13,4,HB_HOUSTON,52.04,N
10/03/2026,14,1,HB_HOUSTON,53.35,N
10/03/2026,14,2,HB_HOUSTON,57.11,N
10/03/2026,14,3,HB_HOUSTON,56.22,N
10/03/2026,14,4,HB_HOUSTON,54.03,N
10/03/2026,15,1,HB_HOUSTON,54.99,N
10/03/2026,15,2,HB_HOUSTON,57.67,N
10/03/2026,15,3,HB_HOUSTON,60.99,N
10/03/2026,15,4,HB_HOUSTON,58.14,N
10/03/2026,16,1,HB_HOUSTON,53.96,N
10/03/2026,16,2,HB_HOUSTON,45.32,N
10/03/2026,16,3,HB_HOUSTON,43.17,N
10/03/2026,16,4,HB_HOUSTON,44.47,N
10/03/2026,17,1,HB_HOUSTON,38.85,N
10/03/2026,17,2,HB_HOUSTON,39.52,N
10/03/2026,17,3,HB_HOUSTON,41.67,N
10/03/2026,17,4,HB_HOUSTON,51.95,N
10/03/2026,18,1,HB_HOUSTON,45.32,N
10/03/2026,18,2,HB_HOUSTON,50.22,N
10/03/2026,18,3,HB_HOUSTON,54.84,N
10/03/2026,18,4,HB_HOUSTON,50.09,N
10/03/2026,19,1,HB_HOUSTON,43.19,N
10/03/2026,19,2,HB_HOUSTON,52.48,N
10/03/2026,19,3,HB_HOUSTON,63.18,N
10/03/2026,19,4,HB_HOUSTON,66.84,N
10/03/2026,20,1,HB_HOUSTON,56.71,N
10/03/2026,20,2,HB_HOUSTON,52.87,N
10/03/2026,20,3,HB_HOUSTON,51.9,N
10/03/2026,20,4,HB_HOUSTON,52.84,N
10/03/2026,21,1,HB_HOUSTON,57.22,N
10/03/2026,21,2,HB_HOUSTON,53.63,N
10/03/2026,21,3,HB_HOUSTON,53.53,N
10/03/2026,21,4,HB_HOUSTON,52.13,N
10/03/2026,22,1,HB_HOUSTON,50.29,N
10/03/2026,22,2,HB_HOUSTON,46.73,N
10/03/2026,22,3,HB_HOUSTON,43.73,N
10/03/2026,22,4,HB_HOUSTON,43.1,N
10/03/2026,23,1,HB_HOUSTON,47.61,N
10/03/2026,23,2,HB_HOUSTON,48.55,N
10/03/2026,23,3,HB_HOUSTON,48.23,N
10/03/2026,23,4,HB_HOUSTON,44.26,N
10/03/2026,24,1,HB_HOUSTON,47.05,N
10/03/2026,24,2,HB_HOUSTON,48.11,N
10/03/2026,24,3,HB_HOUSTON,49.58,N
10/03/2026,24,4,HB_HOUSTON,48.81,N
10/02/2026,1,1,HB_HOUSTON,50.65,N
10/02/2026,1,2,HB_HOUSTON,41.5,N
10/02/2026,1,3,HB_HOUSTON,40.78,N
10/02/2026,1,4,HB_HOUSTON,41.35,N
10/02/2026,2,1,HB_HOUSTON,48.35,N
10/02/2026,2,2,HB_HOUSTON,49.5,N
10/02/2026,2,3,HB_HOUSTON,43.95,N
10/02/2026,2,4,HB_HOUSTON,38.25,N
10/02/2026,3,1,HB_HOUSTON,38.21,N
10/02/2026,3,2,HB_HOUSTON,33.01,N
10/02/2026,3,3,HB_HOUSTON,33.81,N
10/02/2026,3,4,HB_HOUSTON,33.96,N
10/02/2026,4,1,HB_HOUSTON,32.28,N
10/02/2026,4,2,HB_HOUSTON,32.64,N
10/02/2026,4,3,HB_HOUSTON,33.15,N
10/02/2026,4,4,HB_HOUSTON,33.36,N
10/02/2026,5,1,HB_HOUSTON,38.09,N
10/02/2026,5,2,HB_HOUSTON,37.91,N
10/02/2026,5,3,HB_HOUSTON,37.96,N
10/02/2026,5,4,HB_HOUSTON,35.95,N
10/02/2026,6,1,HB_HOUSTON,33.96,N
10/02/2026,6,2,HB_HOUSTON,34.62,N
10/02/2026,6,3,HB_HOUSTON,35.31,N
10/02/2026,6,4,HB_HOUSTON,34.37,N
10/02/2026,7,1,HB_HOUSTON,32.76,N
10/02/2026,7,2,HB_HOUSTON,34.56,N
10/02/2026,7,3,HB_HOUSTON,35.74,N
10/02/2026,7,4,HB_HOUSTON,37.69,N
10/02/2026,8,1,HB_HOUSTON,39.49,N
10/02/2026,8,2,HB_HOUSTON,39.49,N
10/02/2026,8,3,HB_HOUSTON,40.17,N
10/02/2026,8,4,HB_HOUSTON,36.31,N
10/02/2026,9,1,HB_HOUSTON,38.77,N
10/02/2026,9,2,HB_HOUSTON,39.93,N
10/02/2026,9,3,HB_HOUSTON,41.15,N
10/02/2026,9,4,HB_HOUSTON,39.64,N
10/02/2026,10,1,HB_HOUSTON,44.26,N
10/02/2026,10,2,HB_HOUSTON,44.49,N
10/02/2026,10,3,HB_HOUSTON,43.07,N
10/02/2026,10,4,HB_HOUSTON,36.82,N
10/02/2026,11,1,HB_HOUSTON,46.08,N
10/02/2026,11,2,HB_HOUSTON,48.06,N
10/02/2026,11,3,HB_HOUSTON,45.89,N
10/02/2026,11,4,HB_HOUSTON,41.35,N
10/02/2026,12,1,HB_HOUSTON,45.26,N
10/02/2026,12,2,HB_HOUSTON,46.02,N
10/02/2026,12,3,HB_HOUSTON,46.13,N
10/02/2026,12,4,HB_HOUSTON,40.15,N
10/02/2026,13,1,HB_HOUSTON,40.74,N
10/02/2026,13,2,HB_HOUSTON,48.37,N
10/02/2026,13,3,HB_HOUSTON,66.49,N
10/02/2026,13,4,HB_HOUSTON,54.6,N
10/02/2026,14,1,HB_HOUSTON,46.87,N
10/02/2026,14,2,HB_HOUSTON,44.68,N
10/02/2026,14,3,HB_HOUSTON,39.54,N
10/02/2026,14,4,HB_HOUSTON,44.57,N
10/02/2026,15,1,HB_HOUSTON,46.95,N
10/02/2026,15,2,HB_HOUSTON,47.2,N
10/02/2026,15,3,HB_HOUSTON,47.79,N
10/02/2026,15,4,HB_HOUSTON,52.35,N
10/02/2026,16,1,HB_HOUSTON,55.11,N
10/02/2026,16,2,HB_HOUSTON,61.48,N
10/02/2026,16,3,HB_HOUSTON,47.45,N
10/02/2026,16,4,HB_HOUSTON,48.88,N
10/02/2026,17,1,HB_HOUSTON,51.46,N
10/02/2026,17,2,HB_HOUSTON,49.2,N
10/02/2026,17,3,HB_HOUSTON,48.68,N
10/02/2026,17,4,HB_HOUSTON,41.58,N
10/02/2026,18,1,HB_HOUSTON,37.34,N
10/02/2026,18,2,HB_HOUSTON,40.14,N
10/02/2026,18,3,HB_HOUSTON,39.79,N
10/02/2026,18,4,HB_HOUSTON,41.81,N
10/02/2026,19,1,HB_HOUSTON,35.65,N
10/02/2026,19,2,HB_HOUSTON,40.28,N
10/02/2026,19,3,HB_HOUSTON,43.6,N
10/02/2026,19,4,HB_HOUSTON,43.65,N
10/02/2026,20,1,HB_HOUSTON,40.04,N
10/02/2026,20,2,HB_HOUSTON,42.28,N
10/02/2026,20,3,HB_HOUSTON,42.03,N
10/02/2026,20,4,HB_HOUSTON,42.45,N
10/02/2026,21,1,HB_HOUSTON,42.4,N
10/02/2026,21,2,HB_HOUSTON,41.67,N
10/02/2026,21,3,HB_HOUSTON,41.93,N
10/02/2026,21,4,HB_HOUSTON,42.63,N
10/02/2026,22,1,HB_HOUSTON,42.41,N
10/02/2026,22,2,HB_HOUSTON,42.34,N
10/02/2026,22,3,HB_HOUSTON,42.82,N
10/02/2026,22,4,HB_HOUSTON,45.15,N
10/02/2026,23,1,HB_HOUSTON,44.71,N
10/02/2026,23,2,HB_HOUSTON,45.09,N
10/02/2026,23,3,HB_HOUSTON,45.18,N
10/02/2026,23,4,HB_HOUSTON,44.87,N
10/02/2026,24,1,HB_HOUSTON,47.5,N
10/02/2026,24,2,HB_HOUSTON,45.6,N
10/02/2026,24,3,HB_HOUSTON,46.03,N
10/02/2026,24,4,HB_HOUSTON,46.91,N
10/01/2026,1,1,HB_HOUSTON,34.15,N
10/01/2026,1,2,HB_HOUSTON,35.0,N
10/01/2026,1,3,HB_HOUSTON,39.65,N
10/01/2026,1,4,HB_HOUSTON,43.48,N
10/01/2026,2,1,HB_HOUSTON,45.57,N
10/01/2026,2,2,HB_HOUSTON,43.7,N
10/01/2026,2,3,HB_HOUSTON,42.18,N
10/01/2026,2,4,HB_HOUSTON,45.29,N
10/01/2026,3,1,HB_HOUSTON,43.93,N
10/01/2026,3,2,HB_HOUSTON,46.01,N
10/01/2026,3,3,HB_HOUSTON,49.89,N
10/01/2026,3,4,HB_HOUSTON,47.27,N
10/01/2026,4,1,HB_HOUSTON,48.56,N
10/01/2026,4,2,HB_HOUSTON,47.99,N
10/01/2026,4,3,HB_HOUSTON,48.43,N
10/01/2026,4,4,HB_HOUSTON,49.97,N
10/01/2026,5,1,HB_HOUSTON,46.52,N
10/01/2026,5,2,HB_HOUSTON,50.1,N
10/01/2026,5,3,HB_HOUSTON,52.93,N
10/01/2026,5,4,HB_HOUSTON,53.39,N
10/01/2026,6,1,HB_HOUSTON,51.04,N
10/01/2026,6,2,HB_HOUSTON,54.52,N
10/01/2026,6,3,HB_HOUSTON,55.79,N
10/01/2026,6,4,HB_HOUSTON,59.78,N
10/01/2026,7,1,HB_HOUSTON,49.2,N
10/01/2026,7,2,HB_HOUSTON,49.91,N
10/01/2026,7,3,HB_HOUSTON,48.98,N
10/01/2026,7,4,HB_HOUSTON,52.12,N
10/01/2026,8,1,HB_HOUSTON,52.23,N
10/01/2026,8,2,HB_HOUSTON,49.24,N
10/01/2026,8,3,HB_HOUSTON,47.52,N
10/01/2026,8,4,HB_HOUSTON,45.88,N
10/01/2026,9,1,HB_HOUSTON,52.06,N
10/01/2026,9,2,HB_HOUSTON,42.25,N
10/01/2026,9,3,HB_HOUSTON,35.19,N
10/01/2026,9,4,HB_HOUSTON,31.56,N
10/01/2026,10,1,HB_HOUSTON,37.82,N
10/01/2026,10,2,HB_HOUSTON,43.5,N
10/01/2026,10,3,HB_HOUSTON,42.63,N
10/01/2026,10,4,HB_HOUSTON,43.86,N
10/01/2026,11,1,HB_HOUSTON,47.71,N
10/01/2026,11,2,HB_HOUSTON,49.0,N
10/01/2026,11,3,HB_HOUSTON,54.37,N
10/01/2026,11,4,HB_HOUSTON,48.26,N
10/01/2026,12,1,HB_HOUSTON,49.7,N
10/01/2026,12,2,HB_HOUSTON,48.42,N
10/01/2026,12,3,HB_HOUSTON,48.2,N
10/01/2026,12,4,HB_HOUSTON,55.92,N
10/01/2026,13,1,HB_HOUSTON,56.26,N
10/01/2026,13,2,HB_HOUSTON,54.69,N
10/01/2026,13,3,HB_HOUSTON,43.51,N
10/01/2026,13,4,HB_HOUSTON,38.64,N
10/01/2026,14,1,HB_HOUSTON,37.23,N
10/01/2026,14,2,HB_HOUSTON,36.77,N
10/01/2026,14,3,HB_HOUSTON,33.52,N
10/01/2026,14,4,HB_HOUSTON,31.31,N
10/01/2026,15,1,HB_HOUSTON,30.46,N
10/01/2026,15,2,HB_HOUSTON,30.64,N
10/01/2026,15,3,HB_HOUSTON,30.58,N
10/01/2026,15,4,HB_HOUSTON,28.99,N
10/01/2026,16,1,HB_HOUSTON,28.85,N
10/01/2026,16,2,HB_HOUSTON,32.53,N
10/01/2026,16,3,HB_HOUSTON,31.77,N
10/01/2026,16,4,HB_HOUSTON,27.28,N
10/01/2026,17,1,HB_HOUSTON,28.68,N
10/01/2026,17,2,HB_HOUSTON,30.43,N
10/01/2026,17,3,HB_HOUSTON,34.76,N
10/01/2026,18,1,HB_HOUSTON,31.09,N
10/01/2026,18,2,HB_HOUSTON,33.27,N
10/01/2026,18,3,HB_HOUSTON,36.04,N
10/01/2026,18,4,HB_HOUSTON,36.45,N
10/01/2026,19,1,HB_HOUSTON,33.99,N
10/01/2026,19,2,HB_HOUSTON,39.47,N
10/01/2026,19,3,HB_HOUSTON,42.55,N
10/01/2026,19,4,HB_HOUSTON,46.71,N
10/01/2026,20,1,HB_HOUSTON,40.93,N
10/01/2026,20,2,HB_HOUSTON,42.39,N
10/01/2026,20,3,HB_HOUSTON,44.0,N
10/01/2026,20,4,HB_HOUSTON,44.5,N
10/01/2026,21,1,HB_HOUSTON,49.89,N
10/01/2026,21,2,HB_HOUSTON,47.79,N
10/01/2026,21,3,HB_HOUSTON,45.44,N
10/01/2026,21,4,HB_HOUSTON,45.48,N
10/01/2026,22,1,HB_HOUSTON,44.18,N
10/01/2026,22,2,HB_HOUSTON,45.14,N
10/01/2026,22,3,HB_HOUSTON,45.36,N
10/01/2026,22,4,HB_HOUSTON,46.96,N
10/01/2026,23,1,HB_HOUSTON,65.85,N
10/01/2026,23,2,HB_HOUSTON,70.86,N
10/01/2026,23,3,HB_HOUSTON,75.05,N
10/01/2026,23,4,HB_HOUSTON,64.75,N
10/01/2026,24,1,HB_HOUSTON,61.05,N
10/01/2026,24,2,HB_HOUSTON,62.74,N
10/01/2026,24,3,HB_HOUSTON,50.71,N
10/01/2026,24,4,HB_HOUSTON,46.59,N
09/30/2026,1,1,HB_HOUSTON,24.0,N
09/30/2026,1,2,HB_HOUSTON,23.96,N
09/30/2026,1,3,HB_HOUSTON,23.2,N
09/30/2026,1,4,HB_HOUSTON,22.49,N
09/30/2026,2,1,HB_HOUSTON,22.97,N
09/30/2026,2,2,HB_HOUSTON,22.56,N
09/30/2026,2,3,HB_HOUSTON,22.7,N
09/30/2026,2,4,HB_HOUSTON,22.61,N
09/30/2026,3,1,HB_HOUSTON,23.85,N
09/30/2026,3,2,HB_HOUSTON,24.1,N
09/30/2026,3,3,HB_HOUSTON,24.36,N
09/30/2026,3,4,HB_HOUSTON,23.95,N
09/30/2026,4,1,HB_HOUSTON,24.19,N
09/30/2026,4,2,HB_HOUSTON,22.68,N
09/30/2026,4,3,HB_HOUSTON,22.16,N
09/30/2026,4,4,HB_HOUSTON,21.86,N
09/30/2026,5,1,HB_HOUSTON,20.75,N
09/30/2026,5,2,HB_HOUSTON,20.51,N
09/30/2026,5,3,HB_HOUSTON,20.66,N
09/30/2026,5,4,HB_HOUSTON,22.24,N
09/30/2026,6,1,HB_HOUSTON,23.61,N
09/30/2026,6,2,HB_HOUSTON,24.76,N
09/30/2026,6,3,HB_HOUSTON,25.15,N
09/30/2026,6,4,HB_HOUSTON,25.7,N
09/30/2026,7,1,HB_HOUSTON,30.29,N
09/30/2026,7,2,HB_HOUSTON,32.87,N
09/30/2026,7,3,HB_HOUSTON,34.84,N
09/30/2026,7,4,HB_HOUSTON,35.22,N
09/30/2026,8,1,HB_HOUSTON,34.17,N
09/30/2026,8,2,HB_HOUSTON,32.54,N
09/30/2026,8,3,HB_HOUSTON,28.82,N
09/30/2026,8,4,HB_HOUSTON,25.16,N
09/30/2026,9,1,HB_HOUSTON,24.28,N
09/30/2026,9,2,HB_HOUSTON,21.74,N
09/30/2026,9,3,HB_HOUSTON,20.13,N
09/30/2026,9,4,HB_HOUSTON,19.29,N
09/30/2026,10,1,HB_HOUSTON,20.92,N
09/30/2026,10,2,HB_HOUSTON,20.61,N
09/30/2026,10,3,HB_HOUSTON,20.32,N
09/30/2026,10,4,HB_HOUSTON,19.79,N
09/30/2026,11,1,HB_HOUSTON,27.78,N
09/30/2026,11,2,HB_HOUSTON,24.25,N
09/30/2026,11,3,HB_HOUSTON,34.86,N
09/30/2026,11,4,HB_HOUSTON,45.06,N
09/30/2026,12,1,HB_HOUSTON,50.48,N
09/30/2026,12,2,HB_HOUSTON,57.46,N
09/30/2026,12,3,HB_HOUSTON,62.63,N
09/30/2026,12,4,HB_HOUSTON,35.66,N
09/30/2026,13,1,HB_HOUSTON,44.49,N
09/30/2026,13,2,HB_HOUSTON,44.42,N
09/30/2026,13,3,HB_HOUSTON,54.2,N
09/30/2026,13,4,HB_HOUSTON,68.9,N
09/30/2026,14,1,HB_HOUSTON,74.92,N
09/30/2026,14,2,HB_HOUSTON,61.54,N
09/30/2026,14,3,HB_HOUSTON,55.2,N
09/30/2026,14,4,HB_HOUSTON,59.9,N
09/30/2026,15,1,HB_HOUSTON,54.33,N
09/30/2026,15,2,HB_HOUSTON,54.79,N
09/30/2026,15,3,HB_HOUSTON,57.82,N
09/30/2026,15,4,HB_HOUSTON,53.3,N
09/30/2026,16,1,HB_HOUSTON,47.78,N
09/30/2026,16,2,HB_HOUSTON,49.96,N
09/30/2026,16,3,HB_HOUSTON,62.3,N
09/30/2026,16,4,HB_HOUSTON,59.83,N
09/30/2026,17,1,HB_HOUSTON,78.67,N
09/30/2026,17,2,HB_HOUSTON,100.88,N
09/30/2026,17,3,HB_HOUSTON,100.29,N
09/30/2026,17,4,HB_HOUSTON,90.47,N
09/30/2026,18,1,HB_HOUSTON,64.48,N
09/30/2026,18,2,HB_HOUSTON,52.76,N
09/30/2026,18,3,HB_HOUSTON,46.4,N
09/30/2026,18,4,HB_HOUSTON,39.74,N
09/30/2026,19,1,HB_HOUSTON,37.31,N
09/30/2026,19,2,HB_HOUSTON,44.79,N
09/30/2026,19,3,HB_HOUSTON,47.65,N
09/30/2026,19,4,HB_HOUSTON,49.01,N
09/30/2026,20,1,HB_HOUSTON,44.68,N
09/30/2026,20,2,HB_HOUSTON,48.14,N
09/30/2026,20,3,HB_HOUSTON,47.98,N
09/30/2026,20,4,HB_HOUSTON,45.15,N
09/30/2026,21,1,HB_HOUSTON,40.85,N
09/30/2026,21,2,HB_HOUSTON,39.77,N
09/30/2026,21,3,HB_HOUSTON,39.08,N
09/30/2026,21,4,HB_HOUSTON,40.87,N
09/30/2026,22,1,HB_HOUSTON,42.25,N
09/30/2026,22,2,HB_HOUSTON,41.07,N
09/30/2026,22,3,HB_HOUSTON,40.36,N
09/30/2026,22,4,HB_HOUSTON,39.96,N
09/30/2026,23,1,HB_HOUSTON,40.32,N
09/30/2026,23,2,HB_HOUSTON,43.49,N
09/30/2026,23,3,HB_HOUSTON,48.26,N
09/30/2026,23,4,HB_HOUSTON,49.34,N
09/30/2026,24,1,HB_HOUSTON,42.99,N
09/30/2026,24,2,HB_HOUSTON,41.15,N
09/30/2026,24,3,HB_HOUSTON,39.44,N
09/30/2026,24,4,HB_HOUSTON,36.01,N
10/06/2026,1,1,HB_NORTH,40.49,N
10/06/2026,1,2,HB_NORTH,41.43,N
10/06/2026,1,3,HB_NORTH,38.49,N
10/05/2026,1,1,HB_NORTH,40.61,N
10/05/2026,1,2,HB_NORTH,37.67,N
10/05/2026,1,3,HB_NORTH,36.27,N
10/05/2026,1,4,HB_NORTH,36.16,N
10/05/2026,2,1,HB_NORTH,36.37,N
10/05/2026,2,2,HB_NORTH,33.6,N
10/05/2026,2,3,HB_NORTH,31.76,N
10/05/2026,2,4,HB_NORTH,30.67,N
10/05/2026,3,1,HB_NORTH,29.98,N
10/05/2026,3,2,HB_NORTH,30.38,N
10/05/2026,3,3,HB_NORTH,29.83,N
10/05/2026,3,4,HB_NORTH,29.65,N
10/05/2026,4,1,HB_NORTH,34.66,N
10/05/2026,4,2,HB_NORTH,32.88,N
10/05/2026,4,3,HB_NORTH,30.73,N
10/05/2026,4,4,HB_NORTH,30.01,N
10/05/2026,5,1,HB_NORTH,28.06,N
10/05/2026,5,2,HB_NORTH,29.37,N
10/05/2026,5,3,HB_NORTH,30.08,N
10/05/2026,5,4,HB_NORTH,30.51,N
10/05/2026,6,1,HB_NORTH,32.5,N
10/05/2026,6,2,HB_NORTH,36.91,N
10/05/2026,6,3,HB_NORTH,40.47,N
10/05/2026,6,4,HB_NORTH,45.12,N
10/05/2026,7,1,HB_NORTH,53.69,N
10/05/2026,7,2,HB_NORTH,57.44,N
10/05/2026,7,3,HB_NORTH,67.16,N
10/05/2026,7,4,HB_NORTH,68.23,N
10/05/2026,8,1,HB_NORTH,72.12,N
10/05/2026,8,2,HB_NORTH,58.16,N
10/05/2026,8,3,HB_NORTH,49.56,N
10/05/2026,8,4,HB_NORTH,44.03,N
10/05/2026,9,1,HB_NORTH,37.29,N
10/05/2026,9,2,HB_NORTH,28.41,N
10/05/2026,9,3,HB_NORTH,22.58,N
10/05/2026,9,4,HB_NORTH,16.7,N
10/05/2026,10,1,HB_NORTH,19.93,N
10/05/2026,10,2,HB_NORTH,20.37,N
10/05/2026,10,3,HB_NORTH,19.67,N
10/05/2026,10,4,HB_NORTH,18.99,N
10/05/2026,11,1,HB_NORTH,20.29,N
10/05/2026,11,2,HB_NORTH,18.89,N
10/05/2026,11,3,HB_NORTH,18.41,N
10/05/2026,11,4,HB_NORTH,18.15,N
10/05/2026,12,1,HB_NORTH,18.18,N
10/05/2026,12,2,HB_NORTH,18.81,N
10/05/2026,12,3,HB_NORTH,19.57,N
10/05/2026,12,4,HB_NORTH,20.36,N
10/05/2026,13,1,HB_NORTH,19.84,N
10/05/2026,13,2,HB_NORTH,20.55,N
10/05/2026,13,3,HB_NORTH,20.62,N
10/05/2026,13,4,HB_NORTH,20.6,N
10/05/2026,14,1,HB_NORTH,24.6,N
10/05/2026,14,2,HB_NORTH,26.51,N
10/05/2026,14,3,HB_NORTH,23.67,N
10/05/2026,14,4,HB_NORTH,18.37,N
10/05/2026,15,1,HB_NORTH,23.44,N
10/05/2026,15,2,HB_NORTH,27.86,N
10/05/2026,15,3,HB_NORTH,29.36,N
10/05/2026,15,4,HB_NORTH,28.91,N
10/05/2026,16,1,HB_NORTH,29.51,N
10/05/2026,16,2,HB_NORTH,31.88,N
10/05/2026,16,3,HB_NORTH,31.99,N
10/05/2026,16,4,HB_NORTH,29.95,N
10/05/2026,17,1,HB_NORTH,36.88,N
10/05/2026,17,2,HB_NORTH,39.73,N
10/05/2026,17,3,HB_NORTH,40.25,N
10/05/2026,17,4,HB_NORTH,38.07,N
10/05/2026,18,1,HB_NORTH,34.2,N
10/05/2026,18,2,HB_NORTH,58.34,N
10/05/2026,18,3,HB_NORTH,74.13,N
10/05/2026,18,4,HB_NORTH,108.82,N
10/05/2026,19,1,HB_NORTH,84.25,N
10/05/2026,19,2,HB_NORTH,107.84,N
10/05/2026,19,3,HB_NORTH,113.4,N
10/05/2026,19,4,HB_NORTH,132.8,N
10/05/2026,20,1,HB_NORTH,114.04,N
10/05/2026,20,2,HB_NORTH,125.9,N
10/05/2026,20,3,HB_NORTH,125.01,N
10/05/2026,20,4,HB_NORTH,127.5,N
10/05/2026,21,1,HB_NORTH,179.92,N
10/05/2026,21,2,HB_NORTH,212.22,N
10/05/2026,21,3,HB_NORTH,258.74,N
10/05/2026,21,4,HB_NORTH,218.17,N
10/05/2026,22,1,HB_NORTH,352.04,N
10/05/2026,22,2,HB_NORTH,440.1,N
10/05/2026,22,3,HB_NORTH,250.25,N
10/05/2026,22,4,HB_NORTH,132.88,N
10/05/2026,23,1,HB_NORTH,112.82,N
10/05/2026,23,2,HB_NORTH,74.98,N
10/05/2026,23,3,HB_NORTH,58.48,N
10/05/2026,23,4,HB_NORTH,47.89,N
10/05/2026,24,1,HB_NORTH,50.68,N
10/05/2026,24,2,HB_NORTH,51.43,N
10/05/2026,24,3,HB_NORTH,45.39,N
10/05/2026,24,4,HB_NORTH,43.19,N
10/04/2026,1,1,HB_NORTH,55.4,N
10/04/2026,1,2,HB_NORTH,52.48,N
10/04/2026,1,3,HB_NORTH,53.82,N
10/04/2026,1,4,HB_NORTH,60.92,N
10/04/2026,2,1,HB_NORTH,80.99,N
10/04/2026,2,2,HB_NORTH,74.03,N
10/04/2026,2,3,HB_NORTH,64.94,N
10/04/2026,2,4,HB_NORTH,64.57,N
10/04/2026,3,1,HB_NORTH,88.64,N
10/04/2026,3,2,HB_NORTH,67.76,N
10/04/2026,3,3,HB_NORTH,61.73,N
10/04/2026,3,4,HB_NORTH,56.29,N
10/04/2026,4,1,HB_NORTH,84.03,N
10/04/2026,4,2,HB_NORTH,66.37,N
10/04/2026,4,3,HB_NORTH,50.3,N
10/04/2026,4,4,HB_NORTH,49.31,N
10/04/2026,5,1,HB_NORTH,57.49,N
10/04/2026,5,2,HB_NORTH,53.27,N
10/04/2026,5,3,HB_NORTH,51.11,N
10/04/2026,5,4,HB_NORTH,47.15,N
10/04/2026,6,1,HB_NORTH,48.81,N
10/04/2026,6,2,HB_NORTH,47.55,N
10/04/2026,6,3,HB_NORTH,46.77,N
10/04/2026,6,4,HB_NORTH,43.47,N
10/04/2026,7,1,HB_NORTH,40.18,N
10/04/2026,7,2,HB_NORTH,41.97,N
10/04/2026,7,3,HB_NORTH,33.83,N
10/04/2026,7,4,HB_NORTH,35.7,N
10/04/2026,8,1,HB_NORTH,45.83,N
10/04/2026,8,2,HB_NORTH,36.78,N
10/04/2026,8,3,HB_NORTH,35.7,N
10/04/2026,8,4,HB_NORTH,35.68,N
10/04/2026,9,1,HB_NORTH,34.22,N
10/04/2026,9,2,HB_NORTH,30.2,N
10/04/2026,9,3,HB_NORTH,27.3,N
10/04/2026,9,4,HB_NORTH,24.59,N
10/04/2026,10,1,HB_NORTH,29.97,N
10/04/2026,10,2,HB_NORTH,30.37,N
10/04/2026,10,3,HB_NORTH,30.65,N
10/04/2026,10,4,HB_NORTH,30.34,N
10/04/2026,11,1,HB_NORTH,34.37,N
10/04/2026,11,2,HB_NORTH,30.44,N
10/04/2026,11,3,HB_NORTH,26.77,N
10/04/2026,11,4,HB_NORTH,25.44,N
10/04/2026,12,1,HB_NORTH,25.79,N
10/04/2026,12,2,HB_NORTH,26.12,N
10/04/2026,12,3,HB_NORTH,28.1,N
10/04/2026,12,4,HB_NORTH,30.36,N
10/04/2026,13,1,HB_NORTH,33.3,N
10/04/2026,13,2,HB_NORTH,34.61,N
10/04/2026,13,3,HB_NORTH,33.35,N
10/04/2026,13,4,HB_NORTH,32.79,N
10/04/2026,14,1,HB_NORTH,31.85,N
10/04/2026,14,2,HB_NORTH,30.0,N
10/04/2026,14,3,HB_NORTH,29.78,N
10/04/2026,14,4,HB_NORTH,29.18,N
10/04/2026,15,1,HB_NORTH,27.38,N
10/04/2026,15,2,HB_NORTH,26.26,N
10/04/2026,15,3,HB_NORTH,25.9,N
10/04/2026,15,4,HB_NORTH,25.73,N
10/04/2026,16,1,HB_NORTH,26.28,N
10/04/2026,16,2,HB_NORTH,26.6,N
10/04/2026,16,3,HB_NORTH,26.8,N
10/04/2026,16,4,HB_NORTH,31.44,N
10/04/2026,17,1,HB_NORTH,28.7,N
10/04/2026,17,2,HB_NORTH,29.58,N
10/04/2026,17,3,HB_NORTH,33.5,N
10/04/2026,17,4,HB_NORTH,35.58,N
10/04/2026,18,1,HB_NORTH,35.66,N
10/04/2026,18,2,HB_NORTH,32.88,N
10/04/2026,18,3,HB_NORTH,35.61,N
10/04/2026,18,4,HB_NORTH,48.16,N
10/04/2026,19,1,HB_NORTH,48.41,N
10/04/2026,19,2,HB_NORTH,52.04,N
10/04/2026,19,3,HB_NORTH,56.66,N
10/04/2026,19,4,HB_NORTH,55.12,N
10/04/2026,20,1,HB_NORTH,48.12,N
10/04/2026,20,2,HB_NORTH,50.18,N
10/04/2026,20,3,HB_NORTH,52.46,N
10/04/2026,20,4,HB_NORTH,50.02,N
10/04/2026,21,1,HB_NORTH,48.0,N
10/04/2026,21,2,HB_NORTH,46.11,N
10/04/2026,21,3,HB_NORTH,45.35,N
10/04/2026,21,4,HB_NORTH,44.36,N
10/04/2026,22,1,HB_NORTH,47.24,N
10/04/2026,22,2,HB_NORTH,48.38,N
10/04/2026,22,3,HB_NORTH,49.0,N
10/04/2026,22,4,HB_NORTH,50.39,N
10/04/2026,23,1,HB_NORTH,50.37,N
10/04/2026,23,2,HB_NORTH,46.65,N
10/04/2026,23,3,HB_NORTH,42.38,N
10/04/2026,23,4,HB_NORTH,39.64,N
10/04/2026,24,1,HB_NORTH,41.63,N
10/04/2026,24,2,HB_NORTH,41.9,N
10/04/2026,24,3,HB_NORTH,42.49,N
10/04/2026,24,4,HB_NORTH,42.14,N
10/03/2026,1,1,HB_NORTH,50.18,N
10/03/2026,1,2,HB_NORTH,50.03,N
10/03/2026,1,3,HB_NORTH,50.0,N
10/03/2026,1,4,HB_NORTH,49.63,N
10/03/2026,2,1,HB_NORTH,52.1,N
10/03/2026,2,2,HB_NORTH,51.75,N
10/03/2026,2,3,HB_NORTH,52.49,N
10/03/2026,2,4,HB_NORTH,48.83,N
10/03/2026,3,1,HB_NORTH,49.04,N
10/03/2026,3,2,HB_NORTH,46.32,N
10/03/2026,3,3,HB_NORTH,44.46,N
10/03/2026,3,4,HB_NORTH,43.84,N
10/03/2026,4,1,HB_NORTH,43.74,N
10/03/2026,4,2,HB_NORTH,43.64,N
10/03/2026,4,3,HB_NORTH,45.07,N
10/03/2026,4,4,HB_NORTH,44.76,N
10/03/2026,5,1,HB_NORTH,43.44,N
10/03/2026,5,2,HB_NORTH,41.39,N
10/03/2026,5,3,HB_NORTH,44.27,N
10/03/2026,5,4,HB_NORTH,41.95,N
10/03/2026,6,1,HB_NORTH,44.53,N
10/03/2026,6,2,HB_NORTH,51.3,N
10/03/2026,6,3,HB_NORTH,49.57,N
10/03/2026,6,4,HB_NORTH,45.31,N
10/03/2026,7,1,HB_NORTH,46.94,N
10/03/2026,7,2,HB_NORTH,46.92,N
10/03/2026,7,3,HB_NORTH,48.01,N
10/03/2026,7,4,HB_NORTH,49.04,N
10/03/2026,8,1,HB_NORTH,48.12,N
10/03/2026,8,2,HB_NORTH,46.98,N
10/03/2026,8,3,HB_NORTH,46.11,N
10/03/2026,8,4,HB_NORTH,48.76,N
10/03/2026,9,1,HB_NORTH,56.17,N
10/03/2026,9,2,HB_NORTH,53.34,N
10/03/2026,9,3,HB_NORTH,53.77,N
10/03/2026,9,4,HB_NORTH,49.48,N
10/03/2026,10,1,HB_NORTH,54.24,N
10/03/2026,10,2,HB_NORTH,52.97,N
10/03/2026,10,3,HB_NORTH,49.66,N
10/03/2026,10,4,HB_NORTH,47.88,N
10/03/2026,11,1,HB_NORTH,58.23,N
10/03/2026,11,2,HB_NORTH,58.78,N
10/03/2026,11,3,HB_NORTH,65.29,N
10/03/2026,11,4,HB_NORTH,52.7,N
10/03/2026,12,1,HB_NORTH,58.06,N
10/03/2026,12,2,HB_NORTH,53.35,N
10/03/2026,12,3,HB_NORTH,52.12,N
10/03/2026,12,4,HB_NORTH,53.62,N
10/03/2026,13,1,HB_NORTH,48.08,N
10/03/2026,13,2,HB_NORTH,50.02,N
10/03/2026,13,3,HB_NORTH,50.76,N
10/03/2026,13,4,HB_NORTH,50.42,N
10/03/2026,14,1,HB_NORTH,51.61,N
10/03/2026,14,2,HB_NORTH,54.22,N
10/03/2026,14,3,HB_NORTH,53.96,N
10/03/2026,14,4,HB_NORTH,53.89,N
10/03/2026,15,1,HB_NORTH,54.92,N
10/03/2026,15,2,HB_NORTH,57.56,N
10/03/2026,15,3,HB_NORTH,61.01,N
10/03/2026,15,4,HB_NORTH,58.72,N
10/03/2026,16,1,HB_NORTH,54.73,N
10/03/2026,16,2,HB_NORTH,45.75,N
10/03/2026,16,3,HB_NORTH,43.24,N
10/03/2026,16,4,HB_NORTH,44.49,N
10/03/2026,17,1,HB_NORTH,38.81,N
10/03/2026,17,2,HB_NORTH,39.66,N
10/03/2026,17,3,HB_NORTH,41.86,N
10/03/2026,17,4,HB_NORTH,52.35,N
10/03/2026,18,1,HB_NORTH,45.6,N
10/03/2026,18,2,HB_NORTH,49.85,N
10/03/2026,18,3,HB_NORTH,54.13,N
10/03/2026,18,4,HB_NORTH,50.13,N
10/03/2026,19,1,HB_NORTH,43.49,N
10/03/2026,19,2,HB_NORTH,52.81,N
10/03/2026,19,3,HB_NORTH,64.11,N
10/03/2026,19,4,HB_NORTH,68.02,N
10/03/2026,20,1,HB_NORTH,59.93,N
10/03/2026,20,2,HB_NORTH,59.18,N
10/03/2026,20,3,HB_NORTH,60.67,N
10/03/2026,20,4,HB_NORTH,62.33,N
10/03/2026,21,1,HB_NORTH,71.3,N
10/03/2026,21,2,HB_NORTH,69.22,N
10/03/2026,21,3,HB_NORTH,70.8,N
10/03/2026,21,4,HB_NORTH,67.18,N
10/03/2026,22,1,HB_NORTH,60.89,N
10/03/2026,22,2,HB_NORTH,59.65,N
10/03/2026,22,3,HB_NORTH,57.92,N
10/03/2026,22,4,HB_NORTH,57.92,N
10/03/2026,23,1,HB_NORTH,62.54,N
10/03/2026,23,2,HB_NORTH,65.53,N
10/03/2026,23,3,HB_NORTH,65.1,N
10/03/2026,23,4,HB_NORTH,64.15,N
10/03/2026,24,1,HB_NORTH,69.59,N
10/03/2026,24,2,HB_NORTH,72.14,N
10/03/2026,24,3,HB_NORTH,74.82,N
10/03/2026,24,4,HB_NORTH,73.8,N
10/02/2026,1,1,HB_NORTH,43.8,N
10/02/2026,1,2,HB_NORTH,35.81,N
10/02/2026,1,3,HB_NORTH,35.21,N
10/02/2026,1,4,HB_NORTH,36.26,N
10/02/2026,2,1,HB_NORTH,42.49,N
10/02/2026,2,2,HB_NORTH,43.04,N
10/02/2026,2,3,HB_NORTH,38.01,N
10/02/2026,2,4,HB_NORTH,33.06,N
10/02/2026,3,1,HB_NORTH,32.49,N
10/02/2026,3,2,HB_NORTH,28.22,N
10/02/2026,3,3,HB_NORTH,29.24,N
10/02/2026,3,4,HB_NORTH,29.96,N
10/02/2026,4,1,HB_NORTH,28.77,N
10/02/2026,4,2,HB_NORTH,29.7,N
10/02/2026,4,3,HB_NORTH,30.86,N
10/02/2026,4,4,HB_NORTH,31.1,N
10/02/2026,5,1,HB_NORTH,35.91,N
10/02/2026,5,2,HB_NORTH,35.85,N
10/02/2026,5,3,HB_NORTH,36.06,N
10/02/2026,5,4,HB_NORTH,33.33,N
10/02/2026,6,1,HB_NORTH,32.13,N
10/02/2026,6,2,HB_NORTH,33.33,N
10/02/2026,6,3,HB_NORTH,34.06,N
10/02/2026,6,4,HB_NORTH,32.59,N
10/02/2026,7,1,HB_NORTH,29.89,N
10/02/2026,7,2,HB_NORTH,32.05,N
10/02/2026,7,3,HB_NORTH,34.03,N
10/02/2026,7,4,HB_NORTH,35.81,N
10/02/2026,8,1,HB_NORTH,37.42,N
10/02/2026,8,2,HB_NORTH,37.47,N
10/02/2026,8,3,HB_NORTH,37.98,N
10/02/2026,8,4,HB_NORTH,34.37,N
10/02/2026,9,1,HB_NORTH,36.66,N
10/02/2026,9,2,HB_NORTH,38.28,N
10/02/2026,9,3,HB_NORTH,39.34,N
10/02/2026,9,4,HB_NORTH,37.73,N
10/02/2026,10,1,HB_NORTH,42.16,N
10/02/2026,10,2,HB_NORTH,42.34,N
10/02/2026,10,3,HB_NORTH,41.1,N
10/02/2026,10,4,HB_NORTH,34.4,N
10/02/2026,11,1,HB_NORTH,43.25,N
10/02/2026,11,2,HB_NORTH,41.51,N
10/02/2026,11,3,HB_NORTH,37.85,N
10/02/2026,11,4,HB_NORTH,33.73,N
10/02/2026,12,1,HB_NORTH,35.07,N
10/02/2026,12,2,HB_NORTH,36.23,N
10/02/2026,12,3,HB_NORTH,35.95,N
10/02/2026,12,4,HB_NORTH,33.41,N
10/02/2026,13,1,HB_NORTH,33.58,N
10/02/2026,13,2,HB_NORTH,33.68,N
10/02/2026,13,3,HB_NORTH,29.49,N
10/02/2026,13,4,HB_NORTH,30.73,N
10/02/2026,14,1,HB_NORTH,32.42,N
10/02/2026,14,2,HB_NORTH,32.33,N
10/02/2026,14,3,HB_NORTH,31.71,N
10/02/2026,14,4,HB_NORTH,32.87,N
10/02/2026,15,1,HB_NORTH,34.27,N
10/02/2026,15,2,HB_NORTH,35.19,N
10/02/2026,15,3,HB_NORTH,35.91,N
10/02/2026,15,4,HB_NORTH,37.06,N
10/02/2026,16,1,HB_NORTH,35.15,N
10/02/2026,16,2,HB_NORTH,36.83,N
10/02/2026,16,3,HB_NORTH,40.71,N
10/02/2026,16,4,HB_NORTH,43.28,N
10/02/2026,17,1,HB_NORTH,46.14,N
10/02/2026,17,2,HB_NORTH,45.93,N
10/02/2026,17,3,HB_NORTH,45.01,N
10/02/2026,17,4,HB_NORTH,38.5,N
10/02/2026,18,1,HB_NORTH,32.62,N
10/02/2026,18,2,HB_NORTH,36.07,N
10/02/2026,18,3,HB_NORTH,36.36,N
10/02/2026,18,4,HB_NORTH,39.3,N
10/02/2026,19,1,HB_NORTH,32.08,N
10/02/2026,19,2,HB_NORTH,38.47,N
10/02/2026,19,3,HB_NORTH,42.35,N
10/02/2026,19,4,HB_NORTH,42.68,N
10/02/2026,20,1,HB_NORTH,39.85,N
10/02/2026,20,2,HB_NORTH,42.28,N
10/02/2026,20,3,HB_NORTH,41.73,N
10/02/2026,20,4,HB_NORTH,42.28,N
10/02/2026,21,1,HB_NORTH,42.39,N
10/02/2026,21,2,HB_NORTH,41.67,N
10/02/2026,21,3,HB_NORTH,41.93,N
10/02/2026,21,4,HB_NORTH,42.63,N
10/02/2026,22,1,HB_NORTH,42.41,N
10/02/2026,22,2,HB_NORTH,42.34,N
10/02/2026,22,3,HB_NORTH,42.82,N
10/02/2026,22,4,HB_NORTH,45.15,N
10/02/2026,23,1,HB_NORTH,44.71,N
10/02/2026,23,2,HB_NORTH,45.09,N
10/02/2026,23,3,HB_NORTH,45.18,N
10/02/2026,23,4,HB_NORTH,44.87,N
10/02/2026,24,1,HB_NORTH,47.5,N
10/02/2026,24,2,HB_NORTH,45.6,N
10/02/2026,24,3,HB_NORTH,46.03,N
10/02/2026,24,4,HB_NORTH,46.91,N
10/01/2026,1,1,HB_NORTH,31.95,N
10/01/2026,1,2,HB_NORTH,34.46,N
10/01/2026,1,3,HB_NORTH,38.73,N
10/01/2026,1,4,HB_NORTH,41.45,N
10/01/2026,2,1,HB_NORTH,42.77,N
10/01/2026,2,2,HB_NORTH,40.07,N
10/01/2026,2,3,HB_NORTH,38.72,N
10/01/2026,2,4,HB_NORTH,40.91,N
10/01/2026,3,1,HB_NORTH,39.06,N
10/01/2026,3,2,HB_NORTH,41.26,N
10/01/2026,3,3,HB_NORTH,45.31,N
10/01/2026,3,4,HB_NORTH,43.97,N
10/01/2026,4,1,HB_NORTH,44.81,N
10/01/2026,4,2,HB_NORTH,43.64,N
10/01/2026,4,3,HB_NORTH,43.78,N
10/01/2026,4,4,HB_NORTH,45.58,N
10/01/2026,5,1,HB_NORTH,42.96,N
10/01/2026,5,2,HB_NORTH,46.74,N
10/01/2026,5,3,HB_NORTH,49.47,N
10/01/2026,5,4,HB_NORTH,50.07,N
10/01/2026,6,1,HB_NORTH,46.98,N
10/01/2026,6,2,HB_NORTH,50.5,N
10/01/2026,6,3,HB_NORTH,50.54,N
10/01/2026,6,4,HB_NORTH,53.9,N
10/01/2026,7,1,HB_NORTH,43.7,N
10/01/2026,7,2,HB_NORTH,44.52,N
10/01/2026,7,3,HB_NORTH,45.03,N
10/01/2026,7,4,HB_NORTH,49.06,N
10/01/2026,8,1,HB_NORTH,49.47,N
10/01/2026,8,2,HB_NORTH,45.36,N
10/01/2026,8,3,HB_NORTH,44.14,N
10/01/2026,8,4,HB_NORTH,42.41,N
10/01/2026,9,1,HB_NORTH,47.15,N
10/01/2026,9,2,HB_NORTH,41.14,N
10/01/2026,9,3,HB_NORTH,35.18,N
10/01/2026,9,4,HB_NORTH,30.78,N
10/01/2026,10,1,HB_NORTH,35.45,N
10/01/2026,10,2,HB_NORTH,36.71,N
10/01/2026,10,3,HB_NORTH,35.34,N
10/01/2026,10,4,HB_NORTH,36.72,N
10/01/2026,11,1,HB_NORTH,38.76,N
10/01/2026,11,2,HB_NORTH,39.37,N
10/01/2026,11,3,HB_NORTH,41.15,N
10/01/2026,11,4,HB_NORTH,37.03,N
10/01/2026,12,1,HB_NORTH,34.66,N
10/01/2026,12,2,HB_NORTH,34.38,N
10/01/2026,12,3,HB_NORTH,35.0,N
10/01/2026,12,4,HB_NORTH,35.32,N
10/01/2026,13,1,HB_NORTH,34.69,N
10/01/2026,13,2,HB_NORTH,34.33,N
10/01/2026,13,3,HB_NORTH,33.91,N
10/01/2026,13,4,HB_NORTH,30.9,N
10/01/2026,14,1,HB_NORTH,27.97,N
10/01/2026,14,2,HB_NORTH,26.79,N
10/01/2026,14,3,HB_NORTH,26.95,N
10/01/2026,14,4,HB_NORTH,24.51,N
10/01/2026,15,1,HB_NORTH,23.62,N
10/01/2026,15,2,HB_NORTH,23.55,N
10/01/2026,15,3,HB_NORTH,23.31,N
10/01/2026,15,4,HB_NORTH,22.5,N
10/01/2026,16,1,HB_NORTH,22.82,N
10/01/2026,16,2,HB_NORTH,24.38,N
10/01/2026,16,3,HB_NORTH,24.13,N
10/01/2026,16,4,HB_NORTH,23.05,N
10/01/2026,17,1,HB_NORTH,23.22,N
10/01/2026,17,2,HB_NORTH,23.65,N
10/01/2026,17,3,HB_NORTH,28.03,N
10/01/2026,18,1,HB_NORTH,27.74,N
10/01/2026,18,2,HB_NORTH,29.5,N
10/01/2026,18,3,HB_NORTH,32.93,N
10/01/2026,18,4,HB_NORTH,33.52,N
10/01/2026,19,1,HB_NORTH,32.54,N
10/01/2026,19,2,HB_NORTH,38.42,N
10/01/2026,19,3,HB_NORTH,40.77,N
10/01/2026,19,4,HB_NORTH,44.53,N
10/01/2026,20,1,HB_NORTH,40.5,N
10/01/2026,20,2,HB_NORTH,41.05,N
10/01/2026,20,3,HB_NORTH,41.72,N
10/01/2026,20,4,HB_NORTH,42.26,N
10/01/2026,21,1,HB_NORTH,48.04,N
10/01/2026,21,2,HB_NORTH,45.88,N
10/01/2026,21,3,HB_NORTH,43.36,N
10/01/2026,21,4,HB_NORTH,42.8,N
10/01/2026,22,1,HB_NORTH,40.54,N
10/01/2026,22,2,HB_NORTH,41.67,N
10/01/2026,22,3,HB_NORTH,41.74,N
10/01/2026,22,4,HB_NORTH,42.48,N
10/01/2026,23,1,HB_NORTH,58.93,N
10/01/2026,23,2,HB_NORTH,62.69,N
10/01/2026,23,3,HB_NORTH,65.96,N
10/01/2026,23,4,HB_NORTH,56.65,N
10/01/2026,24,1,HB_NORTH,53.22,N
10/01/2026,24,2,HB_NORTH,54.83,N
10/01/2026,24,3,HB_NORTH,43.12,N
10/01/2026,24,4,HB_NORTH,39.65,N
09/30/2026,1,1,HB_NORTH,24.08,N
09/30/2026,1,2,HB_NORTH,24.01,N
09/30/2026,1,3,HB_NORTH,23.28,N
09/30/2026,1,4,HB_NORTH,22.24,N
09/30/2026,2,1,HB_NORTH,21.18,N
09/30/2026,2,2,HB_NORTH,20.45,N
09/30/2026,2,3,HB_NORTH,19.8,N
09/30/2026,2,4,HB_NORTH,19.8,N
09/30/2026,3,1,HB_NORTH,20.3,N
09/30/2026,3,2,HB_NORTH,19.43,N
09/30/2026,3,3,HB_NORTH,19.24,N
09/30/2026,3,4,HB_NORTH,19.2,N
09/30/2026,4,1,HB_NORTH,18.78,N
09/30/2026,4,2,HB_NORTH,18.79,N
09/30/2026,4,3,HB_NORTH,18.7,N
09/30/2026,4,4,HB_NORTH,18.58,N
09/30/2026,5,1,HB_NORTH,16.83,N
09/30/2026,5,2,HB_NORTH,15.83,N
09/30/2026,5,3,HB_NORTH,15.68,N
09/30/2026,5,4,HB_NORTH,18.34,N
09/30/2026,6,1,HB_NORTH,18.5,N
09/30/2026,6,2,HB_NORTH,20.04,N
09/30/2026,6,3,HB_NORTH,21.7,N
09/30/2026,6,4,HB_NORTH,24.98,N
09/30/2026,7,1,HB_NORTH,27.12,N
09/30/2026,7,2,HB_NORTH,28.04,N
09/30/2026,7,3,HB_NORTH,27.06,N
09/30/2026,7,4,HB_NORTH,26.89,N
09/30/2026,8,1,HB_NORTH,24.58,N
09/30/2026,8,2,HB_NORTH,24.07,N
09/30/2026,8,3,HB_NORTH,22.01,N
09/30/2026,8,4,HB_NORTH,20.31,N
09/30/2026,9,1,HB_NORTH,20.81,N
09/30/2026,9,2,HB_NORTH,17.9,N
09/30/2026,9,3,HB_NORTH,14.88,N
09/30/2026,9,4,HB_NORTH,13.61,N
09/30/2026,10,1,HB_NORTH,14.02,N
09/30/2026,10,2,HB_NORTH,13.77,N
09/30/2026,10,3,HB_NORTH,16.48,N
09/30/2026,10,4,HB_NORTH,13.91,N
09/30/2026,11,1,HB_NORTH,11.29,N
09/30/2026,11,2,HB_NORTH,13.46,N
09/30/2026,11,3,HB_NORTH,12.15,N
09/30/2026,11,4,HB_NORTH,12.61,N
09/30/2026,12,1,HB_NORTH,13.19,N
09/30/2026,12,2,HB_NORTH,14.73,N
09/30/2026,12,3,HB_NORTH,14.35,N
09/30/2026,12,4,HB_NORTH,15.75,N
09/30/2026,13,1,HB_NORTH,16.46,N
09/30/2026,13,2,HB_NORTH,16.98,N
09/30/2026,13,3,HB_NORTH,17.42,N
09/30/2026,13,4,HB_NORTH,15.58,N
09/30/2026,14,1,HB_NORTH,15.88,N
09/30/2026,14,2,HB_NORTH,22.25,N
09/30/2026,14,3,HB_NORTH,19.96,N
09/30/2026,14,4,HB_NORTH,18.8,N
09/30/2026,15,1,HB_NORTH,18.64,N
09/30/2026,15,2,HB_NORTH,20.5,N
09/30/2026,15,3,HB_NORTH,20.76,N
09/30/2026,15,4,HB_NORTH,19.32,N
09/30/2026,16,1,HB_NORTH,18.17,N
09/30/2026,16,2,HB_NORTH,17.93,N
09/30/2026,16,3,HB_NORTH,18.76,N
09/30/2026,16,4,HB_NORTH,18.35,N
09/30/2026,17,1,HB_NORTH,18.88,N
09/30/2026,17,2,HB_NORTH,19.62,N
09/30/2026,17,3,HB_NORTH,19.66,N
09/30/2026,17,4,HB_NORTH,24.82,N
09/30/2026,18,1,HB_NORTH,19.75,N
09/30/2026,18,2,HB_NORTH,19.37,N
09/30/2026,18,3,HB_NORTH,21.69,N
09/30/2026,18,4,HB_NORTH,24.37,N
09/30/2026,19,1,HB_NORTH,28.68,N
09/30/2026,19,2,HB_NORTH,39.99,N
09/30/2026,19,3,HB_NORTH,43.28,N
09/30/2026,19,4,HB_NORTH,44.85,N
09/30/2026,20,1,HB_NORTH,43.16,N
09/30/2026,20,2,HB_NORTH,44.55,N
09/30/2026,20,3,HB_NORTH,44.16,N
09/30/2026,20,4,HB_NORTH,40.5,N
09/30/2026,21,1,HB_NORTH,37.51,N
09/30/2026,21,2,HB_NORTH,37.81,N
09/30/2026,21,3,HB_NORTH,37.54,N
09/30/2026,21,4,HB_NORTH,39.48,N
09/30/2026,22,1,HB_NORTH,40.76,N
09/30/2026,22,2,HB_NORTH,39.17,N
09/30/2026,22,3,HB_NORTH,38.81,N
09/30/2026,22,4,HB_NORTH,38.0,N
09/30/2026,23,1,HB_NORTH,38.65,N
09/30/2026,23,2,HB_NORTH,42.03,N
09/30/2026,23,3,HB_NORTH,46.36,N
09/30/2026,23,4,HB_NORTH,47.38,N
09/30/2026,24,1,HB_NORTH,40.57,N
09/30/2026,24,2,HB_NORTH,38.69,N
09/30/2026,24,3,HB_NORTH,36.31,N
09/30/2026,24,4,HB_NORTH,33.12,N
10/06/2026,1,1,HB_WEST,69.04,N
10/06/2026,1,2,HB_WEST,72.57,N
10/06/2026,1,3,HB_WEST,72.53,N
10/05/2026,1,1,HB_WEST,42.8,N
10/05/2026,1,2,HB_WEST,46.02,N
10/05/2026,1,3,HB_WEST,46.67,N
10/05/2026,1,4,HB_WEST,49.99,N
10/05/2026,2,1,HB_WEST,58.02,N
10/05/2026,2,2,HB_WEST,56.87,N
10/05/2026,2,3,HB_WEST,52.91,N
10/05/2026,2,4,HB_WEST,52.2,N
10/05/2026,3,1,HB_WEST,51.83,N
10/05/2026,3,2,HB_WEST,55.35,N
10/05/2026,3,3,HB_WEST,54.25,N
10/05/2026,3,4,HB_WEST,55.25,N
10/05/2026,4,1,HB_WEST,55.07,N
10/05/2026,4,2,HB_WEST,57.08,N
10/05/2026,4,3,HB_WEST,54.47,N
10/05/2026,4,4,HB_WEST,56.11,N
10/05/2026,5,1,HB_WEST,53.92,N
10/05/2026,5,2,HB_WEST,54.36,N
10/05/2026,5,3,HB_WEST,54.84,N
10/05/2026,5,4,HB_WEST,57.72,N
10/05/2026,6,1,HB_WEST,60.44,N
10/05/2026,6,2,HB_WEST,64.03,N
10/05/2026,6,3,HB_WEST,71.04,N
10/05/2026,6,4,HB_WEST,74.12,N
10/05/2026,7,1,HB_WEST,136.56,N
10/05/2026,7,2,HB_WEST,133.69,N
10/05/2026,7,3,HB_WEST,179.43,N
10/05/2026,7,4,HB_WEST,160.64,N
10/05/2026,8,1,HB_WEST,131.86,N
10/05/2026,8,2,HB_WEST,79.07,N
10/05/2026,8,3,HB_WEST,67.85,N
10/05/2026,8,4,HB_WEST,59.52,N
10/05/2026,9,1,HB_WEST,55.64,N
10/05/2026,9,2,HB_WEST,39.8,N
10/05/2026,9,3,HB_WEST,40.71,N
10/05/2026,9,4,HB_WEST,36.45,N
10/05/2026,10,1,HB_WEST,41.58,N
10/05/2026,10,2,HB_WEST,28.56,N
10/05/2026,10,3,HB_WEST,28.29,N
10/05/2026,10,4,HB_WEST,33.27,N
10/05/2026,11,1,HB_WEST,35.35,N
10/05/2026,11,2,HB_WEST,32.68,N
10/05/2026,11,3,HB_WEST,31.21,N
10/05/2026,11,4,HB_WEST,31.32,N
10/05/2026,12,1,HB_WEST,31.83,N
10/05/2026,12,2,HB_WEST,32.87,N
10/05/2026,12,3,HB_WEST,33.81,N
10/05/2026,12,4,HB_WEST,34.41,N
10/05/2026,13,1,HB_WEST,38.44,N
10/05/2026,13,2,HB_WEST,40.59,N
10/05/2026,13,3,HB_WEST,40.15,N
10/05/2026,13,4,HB_WEST,40.78,N
10/05/2026,14,1,HB_WEST,50.85,N
10/05/2026,14,2,HB_WEST,54.38,N
10/05/2026,14,3,HB_WEST,52.66,N
10/05/2026,14,4,HB_WEST,51.9,N
10/05/2026,15,1,HB_WEST,55.89,N
10/05/2026,15,2,HB_WEST,55.31,N
10/05/2026,15,3,HB_WEST,57.39,N
10/05/2026,15,4,HB_WEST,55.84,N
10/05/2026,16,1,HB_WEST,61.21,N
10/05/2026,16,2,HB_WEST,63.17,N
10/05/2026,16,3,HB_WEST,62.45,N
10/05/2026,16,4,HB_WEST,53.9,N
10/05/2026,17,1,HB_WEST,62.38,N
10/05/2026,17,2,HB_WEST,70.26,N
10/05/2026,17,3,HB_WEST,74.87,N
10/05/2026,17,4,HB_WEST,66.46,N
10/05/2026,18,1,HB_WEST,59.31,N
10/05/2026,18,2,HB_WEST,104.34,N
10/05/2026,18,3,HB_WEST,124.15,N
10/05/2026,18,4,HB_WEST,122.53,N
10/05/2026,19,1,HB_WEST,96.8,N
10/05/2026,19,2,HB_WEST,109.69,N
10/05/2026,19,3,HB_WEST,123.93,N
10/05/2026,19,4,HB_WEST,168.02,N
10/05/2026,20,1,HB_WEST,144.97,N
10/05/2026,20,2,HB_WEST,156.11,N
10/05/2026,20,3,HB_WEST,143.91,N
10/05/2026,20,4,HB_WEST,150.97,N
10/05/2026,21,1,HB_WEST,205.25,N
10/05/2026,21,2,HB_WEST,236.13,N
10/05/2026,21,3,HB_WEST,281.31,N
10/05/2026,21,4,HB_WEST,244.79,N
10/05/2026,22,1,HB_WEST,374.65,N
10/05/2026,22,2,HB_WEST,464.88,N
10/05/2026,22,3,HB_WEST,278.8,N
10/05/2026,22,4,HB_WEST,134.94,N
10/05/2026,23,1,HB_WEST,127.41,N
10/05/2026,23,2,HB_WEST,88.53,N
10/05/2026,23,3,HB_WEST,72.53,N
10/05/2026,23,4,HB_WEST,66.5,N
10/05/2026,24,1,HB_WEST,72.61,N
10/05/2026,24,2,HB_WEST,73.15,N
10/05/2026,24,3,HB_WEST,68.64,N
10/05/2026,24,4,HB_WEST,67.4,N
10/04/2026,1,1,HB_WEST,83.12,N
10/04/2026,1,2,HB_WEST,72.92,N
10/04/2026,1,3,HB_WEST,74.0,N
10/04/2026,1,4,HB_WEST,89.58,N
10/04/2026,2,1,HB_WEST,130.23,N
10/04/2026,2,2,HB_WEST,113.03,N
10/04/2026,2,3,HB_WEST,92.29,N
10/04/2026,2,4,HB_WEST,92.44,N
10/04/2026,3,1,HB_WEST,131.82,N
10/04/2026,3,2,HB_WEST,96.63,N
10/04/2026,3,3,HB_WEST,91.34,N
10/04/2026,3,4,HB_WEST,92.41,N
10/04/2026,4,1,HB_WEST,133.2,N
10/04/2026,4,2,HB_WEST,106.17,N
10/04/2026,4,3,HB_WEST,69.71,N
10/04/2026,4,4,HB_WEST,68.34,N
10/04/2026,5,1,HB_WEST,81.72,N
10/04/2026,5,2,HB_WEST,74.86,N
10/04/2026,5,3,HB_WEST,71.46,N
10/04/2026,5,4,HB_WEST,65.36,N
10/04/2026,6,1,HB_WEST,66.93,N
10/04/2026,6,2,HB_WEST,60.78,N
10/04/2026,6,3,HB_WEST,60.11,N
10/04/2026,6,4,HB_WEST,54.87,N
10/04/2026,7,1,HB_WEST,45.87,N
10/04/2026,7,2,HB_WEST,49.64,N
10/04/2026,7,3,HB_WEST,36.68,N
10/04/2026,7,4,HB_WEST,38.49,N
10/04/2026,8,1,HB_WEST,54.94,N
10/04/2026,8,2,HB_WEST,37.71,N
10/04/2026,8,3,HB_WEST,36.37,N
10/04/2026,8,4,HB_WEST,36.34,N
10/04/2026,9,1,HB_WEST,34.75,N
10/04/2026,9,2,HB_WEST,30.59,N
10/04/2026,9,3,HB_WEST,27.66,N
10/04/2026,9,4,HB_WEST,24.69,N
10/04/2026,10,1,HB_WEST,30.1,N
10/04/2026,10,2,HB_WEST,30.51,N
10/04/2026,10,3,HB_WEST,30.76,N
10/04/2026,10,4,HB_WEST,30.35,N
10/04/2026,11,1,HB_WEST,34.37,N
10/04/2026,11,2,HB_WEST,30.44,N
10/04/2026,11,3,HB_WEST,26.75,N
10/04/2026,11,4,HB_WEST,25.42,N
10/04/2026,12,1,HB_WEST,25.74,N
10/04/2026,12,2,HB_WEST,26.08,N
10/04/2026,12,3,HB_WEST,28.08,N
10/04/2026,12,4,HB_WEST,30.35,N
10/04/2026,13,1,HB_WEST,33.3,N
10/04/2026,13,2,HB_WEST,34.61,N
10/04/2026,13,3,HB_WEST,33.35,N
10/04/2026,13,4,HB_WEST,32.79,N
10/04/2026,14,1,HB_WEST,31.86,N
10/04/2026,14,2,HB_WEST,30.03,N
10/04/2026,14,3,HB_WEST,29.78,N
10/04/2026,14,4,HB_WEST,29.18,N
10/04/2026,15,1,HB_WEST,27.37,N
10/04/2026,15,2,HB_WEST,26.25,N
10/04/2026,15,3,HB_WEST,25.9,N
10/04/2026,15,4,HB_WEST,25.73,N
10/04/2026,16,1,HB_WEST,26.28,N
10/04/2026,16,2,HB_WEST,26.6,N
10/04/2026,16,3,HB_WEST,26.8,N
10/04/2026,16,4,HB_WEST,31.43,N
10/04/2026,17,1,HB_WEST,28.7,N
10/04/2026,17,2,HB_WEST,29.58,N
10/04/2026,17,3,HB_WEST,33.5,N
10/04/2026,17,4,HB_WEST,35.58,N
10/04/2026,18,1,HB_WEST,35.66,N
10/04/2026,18,2,HB_WEST,32.88,N
10/04/2026,18,3,HB_WEST,35.59,N
10/04/2026,18,4,HB_WEST,48.14,N
10/04/2026,19,1,HB_WEST,48.4,N
10/04/2026,19,2,HB_WEST,52.04,N
10/04/2026,19,3,HB_WEST,56.55,N
10/04/2026,19,4,HB_WEST,57.21,N
10/04/2026,20,1,HB_WEST,59.15,N
10/04/2026,20,2,HB_WEST,60.94,N
10/04/2026,20,3,HB_WEST,61.83,N
10/04/2026,20,4,HB_WEST,59.04,N
10/04/2026,21,1,HB_WEST,56.04,N
10/04/2026,21,2,HB_WEST,51.9,N
10/04/2026,21,3,HB_WEST,50.16,N
10/04/2026,21,4,HB_WEST,48.2,N
10/04/2026,22,1,HB_WEST,48.52,N
10/04/2026,22,2,HB_WEST,48.76,N
10/04/2026,22,3,HB_WEST,50.19,N
10/04/2026,22,4,HB_WEST,51.09,N
10/04/2026,23,1,HB_WEST,52.37,N
10/04/2026,23,2,HB_WEST,46.6,N
10/04/2026,23,3,HB_WEST,42.34,N
10/04/2026,23,4,HB_WEST,39.6,N
10/04/2026,24,1,HB_WEST,41.58,N
10/04/2026,24,2,HB_WEST,41.86,N
10/04/2026,24,3,HB_WEST,42.44,N
10/04/2026,24,4,HB_WEST,42.09,N
10/03/2026,1,1,HB_WEST,50.18,N
10/03/2026,1,2,HB_WEST,50.03,N
10/03/2026,1,3,HB_WEST,50.0,N
10/03/2026,1,4,HB_WEST,50.22,N
10/03/2026,2,1,HB_WEST,54.6,N
10/03/2026,2,2,HB_WEST,53.45,N
10/03/2026,2,3,HB_WEST,52.5,N
10/03/2026,2,4,HB_WEST,48.83,N
10/03/2026,3,1,HB_WEST,49.04,N
10/03/2026,3,2,HB_WEST,46.32,N
10/03/2026,3,3,HB_WEST,44.92,N
10/03/2026,3,4,HB_WEST,44.69,N
10/03/2026,4,1,HB_WEST,44.68,N
10/03/2026,4,2,HB_WEST,44.46,N
10/03/2026,4,3,HB_WEST,45.83,N
10/03/2026,4,4,HB_WEST,45.57,N
10/03/2026,5,1,HB_WEST,44.71,N
10/03/2026,5,2,HB_WEST,43.23,N
10/03/2026,5,3,HB_WEST,46.42,N
10/03/2026,5,4,HB_WEST,44.73,N
10/03/2026,6,1,HB_WEST,47.51,N
10/03/2026,6,2,HB_WEST,51.52,N
10/03/2026,6,3,HB_WEST,50.05,N
10/03/2026,6,4,HB_WEST,46.96,N
10/03/2026,7,1,HB_WEST,50.1,N
10/03/2026,7,2,HB_WEST,49.05,N
10/03/2026,7,3,HB_WEST,49.52,N
10/03/2026,7,4,HB_WEST,49.95,N
10/03/2026,8,1,HB_WEST,49.42,N
10/03/2026,8,2,HB_WEST,48.88,N
10/03/2026,8,3,HB_WEST,47.42,N
10/03/2026,8,4,HB_WEST,51.15,N
10/03/2026,9,1,HB_WEST,60.29,N
10/03/2026,9,2,HB_WEST,58.42,N
10/03/2026,9,3,HB_WEST,62.61,N
10/03/2026,9,4,HB_WEST,65.62,N
10/03/2026,10,1,HB_WEST,81.16,N
10/03/2026,10,2,HB_WEST,78.77,N
10/03/2026,10,3,HB_WEST,68.04,N
10/03/2026,10,4,HB_WEST,62.08,N
10/03/2026,11,1,HB_WEST,61.33,N
10/03/2026,11,2,HB_WEST,58.69,N
10/03/2026,11,3,HB_WEST,65.15,N
10/03/2026,11,4,HB_WEST,52.75,N
10/03/2026,12,1,HB_WEST,57.8,N
10/03/2026,12,2,HB_WEST,52.84,N
10/03/2026,12,3,HB_WEST,51.9,N
10/03/2026,12,4,HB_WEST,53.61,N
10/03/2026,13,1,HB_WEST,47.82,N
10/03/2026,13,2,HB_WEST,49.81,N
10/03/2026,13,3,HB_WEST,50.03,N
10/03/2026,13,4,HB_WEST,49.74,N
10/03/2026,14,1,HB_WEST,51.01,N
10/03/2026,14,2,HB_WEST,53.51,N
10/03/2026,14,3,HB_WEST,53.52,N
10/03/2026,14,4,HB_WEST,53.84,N
10/03/2026,15,1,HB_WEST,54.88,N
10/03/2026,15,2,HB_WEST,57.24,N
10/03/2026,15,3,HB_WEST,60.33,N
10/03/2026,15,4,HB_WEST,58.19,N
10/03/2026,16,1,HB_WEST,54.51,N
10/03/2026,16,2,HB_WEST,46.03,N
10/03/2026,16,3,HB_WEST,43.37,N
10/03/2026,16,4,HB_WEST,44.6,N
10/03/2026,17,1,HB_WEST,39.04,N
10/03/2026,17,2,HB_WEST,39.86,N
10/03/2026,17,3,HB_WEST,42.05,N
10/03/2026,17,4,HB_WEST,52.62,N
10/03/2026,18,1,HB_WEST,45.93,N
10/03/2026,18,2,HB_WEST,54.72,N
10/03/2026,18,3,HB_WEST,62.53,N
10/03/2026,18,4,HB_WEST,50.19,N
10/03/2026,19,1,HB_WEST,43.85,N
10/03/2026,19,2,HB_WEST,53.2,N
10/03/2026,19,3,HB_WEST,69.4,N
10/03/2026,19,4,HB_WEST,77.24,N
10/03/2026,20,1,HB_WEST,73.19,N
10/03/2026,20,2,HB_WEST,86.71,N
10/03/2026,20,3,HB_WEST,91.3,N
10/03/2026,20,4,HB_WEST,92.83,N
10/03/2026,21,1,HB_WEST,100.6,N
10/03/2026,21,2,HB_WEST,97.63,N
10/03/2026,21,3,HB_WEST,102.14,N
10/03/2026,21,4,HB_WEST,96.27,N
10/03/2026,22,1,HB_WEST,83.75,N
10/03/2026,22,2,HB_WEST,82.32,N
10/03/2026,22,3,HB_WEST,83.63,N
10/03/2026,22,4,HB_WEST,81.93,N
10/03/2026,23,1,HB_WEST,90.62,N
10/03/2026,23,2,HB_WEST,94.9,N
10/03/2026,23,3,HB_WEST,93.64,N
10/03/2026,23,4,HB_WEST,96.21,N
10/03/2026,24,1,HB_WEST,99.67,N
10/03/2026,24,2,HB_WEST,106.68,N
10/03/2026,24,3,HB_WEST,108.62,N
10/03/2026,24,4,HB_WEST,107.25,N
10/02/2026,1,1,HB_WEST,83.97,N
10/02/2026,1,2,HB_WEST,69.09,N
10/02/2026,1,3,HB_WEST,67.26,N
10/02/2026,1,4,HB_WEST,61.51,N
10/02/2026,2,1,HB_WEST,71.16,N
10/02/2026,2,2,HB_WEST,75.57,N
10/02/2026,2,3,HB_WEST,68.12,N
10/02/2026,2,4,HB_WEST,60.78,N
10/02/2026,3,1,HB_WEST,60.6,N
10/02/2026,3,2,HB_WEST,53.04,N
10/02/2026,3,3,HB_WEST,51.5,N
10/02/2026,3,4,HB_WEST,48.47,N
10/02/2026,4,1,HB_WEST,44.93,N
10/02/2026,4,2,HB_WEST,41.99,N
10/02/2026,4,3,HB_WEST,38.81,N
10/02/2026,4,4,HB_WEST,38.75,N
10/02/2026,5,1,HB_WEST,40.94,N
10/02/2026,5,2,HB_WEST,39.65,N
10/02/2026,5,3,HB_WEST,39.33,N
10/02/2026,5,4,HB_WEST,42.16,N
10/02/2026,6,1,HB_WEST,36.65,N
10/02/2026,6,2,HB_WEST,34.37,N
10/02/2026,6,3,HB_WEST,34.85,N
10/02/2026,6,4,HB_WEST,36.88,N
10/02/2026,7,1,HB_WEST,41.75,N
10/02/2026,7,2,HB_WEST,40.88,N
10/02/2026,7,3,HB_WEST,37.24,N
10/02/2026,7,4,HB_WEST,39.23,N
10/02/2026,8,1,HB_WEST,41.26,N
10/02/2026,8,2,HB_WEST,40.96,N
10/02/2026,8,3,HB_WEST,42.13,N
10/02/2026,8,4,HB_WEST,38.69,N
10/02/2026,9,1,HB_WEST,40.95,N
10/02/2026,9,2,HB_WEST,39.15,N
10/02/2026,9,3,HB_WEST,40.14,N
10/02/2026,9,4,HB_WEST,39.13,N
10/02/2026,10,1,HB_WEST,43.06,N
10/02/2026,10,2,HB_WEST,43.38,N
10/02/2026,10,3,HB_WEST,42.17,N
10/02/2026,10,4,HB_WEST,36.25,N
10/02/2026,11,1,HB_WEST,44.17,N
10/02/2026,11,2,HB_WEST,41.89,N
10/02/2026,11,3,HB_WEST,38.03,N
10/02/2026,11,4,HB_WEST,33.9,N
10/02/2026,12,1,HB_WEST,35.2,N
10/02/2026,12,2,HB_WEST,37.16,N
10/02/2026,12,3,HB_WEST,38.48,N
10/02/2026,12,4,HB_WEST,34.16,N
10/02/2026,13,1,HB_WEST,33.92,N
10/02/2026,13,2,HB_WEST,33.6,N
10/02/2026,13,3,HB_WEST,30.6,N
10/02/2026,13,4,HB_WEST,31.19,N
10/02/2026,14,1,HB_WEST,33.17,N
10/02/2026,14,2,HB_WEST,33.73,N
10/02/2026,14,3,HB_WEST,34.84,N
10/02/2026,14,4,HB_WEST,36.66,N
10/02/2026,15,1,HB_WEST,37.03,N
10/02/2026,15,2,HB_WEST,37.51,N
10/02/2026,15,3,HB_WEST,38.39,N
10/02/2026,15,4,HB_WEST,41.21,N
10/02/2026,16,1,HB_WEST,40.05,N
10/02/2026,16,2,HB_WEST,42.82,N
10/02/2026,16,3,HB_WEST,44.26,N
10/02/2026,16,4,HB_WEST,47.56,N
10/02/2026,17,1,HB_WEST,51.39,N
10/02/2026,17,2,HB_WEST,51.01,N
10/02/2026,17,3,HB_WEST,51.3,N
10/02/2026,17,4,HB_WEST,44.37,N
10/02/2026,18,1,HB_WEST,39.74,N
10/02/2026,18,2,HB_WEST,43.94,N
10/02/2026,18,3,HB_WEST,42.83,N
10/02/2026,18,4,HB_WEST,47.41,N
10/02/2026,19,1,HB_WEST,41.72,N
10/02/2026,19,2,HB_WEST,46.86,N
10/02/2026,19,3,HB_WEST,49.94,N
10/02/2026,19,4,HB_WEST,48.58,N
10/02/2026,20,1,HB_WEST,41.03,N
10/02/2026,20,2,HB_WEST,42.31,N
10/02/2026,20,3,HB_WEST,43.54,N
10/02/2026,20,4,HB_WEST,43.29,N
10/02/2026,21,1,HB_WEST,42.43,N
10/02/2026,21,2,HB_WEST,41.67,N
10/02/2026,21,3,HB_WEST,41.93,N
10/02/2026,21,4,HB_WEST,42.63,N
10/02/2026,22,1,HB_WEST,42.41,N
10/02/2026,22,2,HB_WEST,42.34,N
10/02/2026,22,3,HB_WEST,42.82,N
10/02/2026,22,4,HB_WEST,45.15,N
10/02/2026,23,1,HB_WEST,44.71,N
10/02/2026,23,2,HB_WEST,45.09,N
10/02/2026,23,3,HB_WEST,45.18,N
10/02/2026,23,4,HB_WEST,44.87,N
10/02/2026,24,1,HB_WEST,47.5,N
10/02/2026,24,2,HB_WEST,45.6,N
10/02/2026,24,3,HB_WEST,46.03,N
10/02/2026,24,4,HB_WEST,46.91,N
10/01/2026,1,1,HB_WEST,46.36,N
10/01/2026,1,2,HB_WEST,42.02,N
10/01/2026,1,3,HB_WEST,47.55,N
10/01/2026,1,4,HB_WEST,58.12,N
10/01/2026,2,1,HB_WEST,61.83,N
10/01/2026,2,2,HB_WEST,58.93,N
10/01/2026,2,3,HB_WEST,57.87,N
10/01/2026,2,4,HB_WEST,63.82,N
10/01/2026,3,1,HB_WEST,63.68,N
10/01/2026,3,2,HB_WEST,65.63,N
10/01/2026,3,3,HB_WEST,67.28,N
10/01/2026,3,4,HB_WEST,64.45,N
10/01/2026,4,1,HB_WEST,60.48,N
10/01/2026,4,2,HB_WEST,62.67,N
10/01/2026,4,3,HB_WEST,63.08,N
10/01/2026,4,4,HB_WEST,66.08,N
10/01/2026,5,1,HB_WEST,65.16,N
10/01/2026,5,2,HB_WEST,67.67,N
10/01/2026,5,3,HB_WEST,71.04,N
10/01/2026,5,4,HB_WEST,70.81,N
10/01/2026,6,1,HB_WEST,72.3,N
10/01/2026,6,2,HB_WEST,75.59,N
10/01/2026,6,3,HB_WEST,83.28,N
10/01/2026,6,4,HB_WEST,90.58,N
10/01/2026,7,1,HB_WEST,77.98,N
10/01/2026,7,2,HB_WEST,78.13,N
10/01/2026,7,3,HB_WEST,69.7,N
10/01/2026,7,4,HB_WEST,68.6,N
10/01/2026,8,1,HB_WEST,67.03,N
10/01/2026,8,2,HB_WEST,69.81,N
10/01/2026,8,3,HB_WEST,65.48,N
10/01/2026,8,4,HB_WEST,64.31,N
10/01/2026,9,1,HB_WEST,78.15,N
10/01/2026,9,2,HB_WEST,48.17,N
10/01/2026,9,3,HB_WEST,35.24,N
10/01/2026,9,4,HB_WEST,33.98,N
10/01/2026,10,1,HB_WEST,37.25,N
10/01/2026,10,2,HB_WEST,36.97,N
10/01/2026,10,3,HB_WEST,35.8,N
10/01/2026,10,4,HB_WEST,36.92,N
10/01/2026,11,1,HB_WEST,38.94,N
10/01/2026,11,2,HB_WEST,39.5,N
10/01/2026,11,3,HB_WEST,41.24,N
10/01/2026,11,4,HB_WEST,37.1,N
10/01/2026,12,1,HB_WEST,34.18,N
10/01/2026,12,2,HB_WEST,34.13,N
10/01/2026,12,3,HB_WEST,34.92,N
10/01/2026,12,4,HB_WEST,34.0,N
10/01/2026,13,1,HB_WEST,33.83,N
10/01/2026,13,2,HB_WEST,33.53,N
10/01/2026,13,3,HB_WEST,33.67,N
10/01/2026,13,4,HB_WEST,30.33,N
10/01/2026,14,1,HB_WEST,27.46,N
10/01/2026,14,2,HB_WEST,26.22,N
10/01/2026,14,3,HB_WEST,26.61,N
10/01/2026,14,4,HB_WEST,24.23,N
10/01/2026,15,1,HB_WEST,23.27,N
10/01/2026,15,2,HB_WEST,23.2,N
10/01/2026,15,3,HB_WEST,22.92,N
10/01/2026,15,4,HB_WEST,22.26,N
10/01/2026,16,1,HB_WEST,22.7,N
10/01/2026,16,2,HB_WEST,23.28,N
10/01/2026,16,3,HB_WEST,23.94,N
10/01/2026,16,4,HB_WEST,23.12,N
10/01/2026,17,1,HB_WEST,22.91,N
10/01/2026,17,2,HB_WEST,23.26,N
10/01/2026,17,3,HB_WEST,28.22,N
10/01/2026,18,1,HB_WEST,28.07,N
10/01/2026,18,2,HB_WEST,29.88,N
10/01/2026,18,3,HB_WEST,33.48,N
10/01/2026,18,4,HB_WEST,34.1,N
10/01/2026,19,1,HB_WEST,32.75,N
10/01/2026,19,2,HB_WEST,42.21,N
10/01/2026,19,3,HB_WEST,47.95,N
10/01/2026,19,4,HB_WEST,57.0,N
10/01/2026,20,1,HB_WEST,42.99,N
10/01/2026,20,2,HB_WEST,46.75,N
10/01/2026,20,3,HB_WEST,51.28,N
10/01/2026,20,4,HB_WEST,52.49,N
10/01/2026,21,1,HB_WEST,57.79,N
10/01/2026,21,2,HB_WEST,56.2,N
10/01/2026,21,3,HB_WEST,54.73,N
10/01/2026,21,4,HB_WEST,55.91,N
10/01/2026,22,1,HB_WEST,59.35,N
10/01/2026,22,2,HB_WEST,58.68,N
10/01/2026,22,3,HB_WEST,59.68,N
10/01/2026,22,4,HB_WEST,65.87,N
10/01/2026,23,1,HB_WEST,96.1,N
10/01/2026,23,2,HB_WEST,107.61,N
10/01/2026,23,3,HB_WEST,116.71,N
10/01/2026,23,4,HB_WEST,102.16,N
10/01/2026,24,1,HB_WEST,96.34,N
10/01/2026,24,2,HB_WEST,100.32,N
10/01/2026,24,3,HB_WEST,88.65,N
10/01/2026,24,4,HB_WEST,80.8,N
09/30/2026,1,1,HB_WEST,24.74,N
09/30/2026,1,2,HB_WEST,24.64,N
09/30/2026,1,3,HB_WEST,23.88,N
09/30/2026,1,4,HB_WEST,22.34,N
09/30/2026,2,1,HB_WEST,19.67,N
09/30/2026,2,2,HB_WEST,18.59,N
09/30/2026,2,3,HB_WEST,17.02,N
09/30/2026,2,4,HB_WEST,17.1,N
09/30/2026,3,1,HB_WEST,17.0,N
09/30/2026,3,2,HB_WEST,15.46,N
09/30/2026,3,3,HB_WEST,15.07,N
09/30/2026,3,4,HB_WEST,15.42,N
09/30/2026,4,1,HB_WEST,14.29,N
09/30/2026,4,2,HB_WEST,15.27,N
09/30/2026,4,3,HB_WEST,15.37,N
09/30/2026,4,4,HB_WEST,15.34,N
09/30/2026,5,1,HB_WEST,12.74,N
09/30/2026,5,2,HB_WEST,11.87,N
09/30/2026,5,3,HB_WEST,11.56,N
09/30/2026,5,4,HB_WEST,14.51,N
09/30/2026,6,1,HB_WEST,13.53,N
09/30/2026,6,2,HB_WEST,15.56,N
09/30/2026,6,3,HB_WEST,18.66,N
09/30/2026,6,4,HB_WEST,25.04,N
09/30/2026,7,1,HB_WEST,25.01,N
09/30/2026,7,2,HB_WEST,24.39,N
09/30/2026,7,3,HB_WEST,20.42,N
09/30/2026,7,4,HB_WEST,19.71,N
09/30/2026,8,1,HB_WEST,15.85,N
09/30/2026,8,2,HB_WEST,16.31,N
09/30/2026,8,3,HB_WEST,15.76,N
09/30/2026,8,4,HB_WEST,15.49,N
09/30/2026,9,1,HB_WEST,17.17,N
09/30/2026,9,2,HB_WEST,13.31,N
09/30/2026,9,3,HB_WEST,8.95,N
09/30/2026,9,4,HB_WEST,4.76,N
09/30/2026,10,1,HB_WEST,6.67,N
09/30/2026,10,2,HB_WEST,6.62,N
09/30/2026,10,3,HB_WEST,2.94,N
09/30/2026,10,4,HB_WEST,1.85,N
09/30/2026,11,1,HB_WEST,0.56,N
09/30/2026,11,2,HB_WEST,0.56,N
09/30/2026,11,3,HB_WEST,-0.1,N
09/30/2026,11,4,HB_WEST,-1.18,N
09/30/2026,12,1,HB_WEST,-2.03,N
09/30/2026,12,2,HB_WEST,-2.4,N
09/30/2026,12,3,HB_WEST,-2.59,N
09/30/2026,12,4,HB_WEST,-2.29,N
09/30/2026,13,1,HB_WEST,-2.95,N
09/30/2026,13,2,HB_WEST,-3.07,N
09/30/2026,13,3,HB_WEST,-3.81,N
09/30/2026,13,4,HB_WEST,-3.44,N
09/30/2026,14,1,HB_WEST,-2.66,N
09/30/2026,14,2,HB_WEST,-3.49,N
09/30/2026,14,3,HB_WEST,-3.12,N
09/30/2026,14,4,HB_WEST,-2.74,N
09/30/2026,15,1,HB_WEST,-2.3,N
09/30/2026,15,2,HB_WEST,-2.47,N
09/30/2026,15,3,HB_WEST,-1.83,N
09/30/2026,15,4,HB_WEST,-1.91,N
09/30/2026,16,1,HB_WEST,-1.45,N
09/30/2026,16,2,HB_WEST,-0.25,N
09/30/2026,16,3,HB_WEST,-1.16,N
09/30/2026,16,4,HB_WEST,-1.99,N
09/30/2026,17,1,HB_WEST,-0.42,N
09/30/2026,17,2,HB_WEST,1.25,N
09/30/2026,17,3,HB_WEST,6.47,N
09/30/2026,17,4,HB_WEST,2.35,N
09/30/2026,18,1,HB_WEST,0.05,N
09/30/2026,18,2,HB_WEST,1.35,N
09/30/2026,18,3,HB_WEST,9.6,N
09/30/2026,18,4,HB_WEST,15.65,N
09/30/2026,19,1,HB_WEST,26.71,N
09/30/2026,19,2,HB_WEST,40.73,N
09/30/2026,19,3,HB_WEST,44.66,N
09/30/2026,19,4,HB_WEST,52.11,N
09/30/2026,20,1,HB_WEST,47.41,N
09/30/2026,20,2,HB_WEST,64.75,N
09/30/2026,20,3,HB_WEST,72.44,N
09/30/2026,20,4,HB_WEST,70.58,N
09/30/2026,21,1,HB_WEST,58.95,N
09/30/2026,21,2,HB_WEST,50.31,N
09/30/2026,21,3,HB_WEST,39.81,N
09/30/2026,21,4,HB_WEST,41.89,N
09/30/2026,22,1,HB_WEST,43.82,N
09/30/2026,22,2,HB_WEST,44.85,N
09/30/2026,22,3,HB_WEST,42.89,N
09/30/2026,22,4,HB_WEST,41.22,N
09/30/2026,23,1,HB_WEST,41.56,N
09/30/2026,23,2,HB_WEST,44.47,N
09/30/2026,23,3,HB_WEST,51.73,N
09/30/2026,23,4,HB_WEST,52.89,N
09/30/2026,24,1,HB_WEST,51.31,N
09/30/2026,24,2,HB_WEST,49.91,N
09/30/2026,24,3,HB_WEST,52.79,N
09/30/2026,24,4,HB_WEST,49.54,N
10/06/2026,1,1,HB_SOUTH,49.71,N
10/06/2026,1,2,HB_SOUTH,51.38,N
10/06/2026,1,3,HB_SOUTH,49.49,N
10/05/2026,1,1,HB_SOUTH,39.36,N
10/05/2026,1,2,HB_SOUTH,38.71,N
10/05/2026,1,3,HB_SOUTH,38.1,N
10/05/2026,1,4,HB_SOUTH,39.06,N
10/05/2026,2,1,HB_SOUTH,38.28,N
10/05/2026,2,2,HB_SOUTH,33.42,N
10/05/2026,2,3,HB_SOUTH,27.32,N
10/05/2026,2,4,HB_SOUTH,27.21,N
10/05/2026,3,1,HB_SOUTH,30.32,N
10/05/2026,3,2,HB_SOUTH,30.83,N
10/05/2026,3,3,HB_SOUTH,30.98,N
10/05/2026,3,4,HB_SOUTH,29.55,N
10/05/2026,4,1,HB_SOUTH,37.54,N
10/05/2026,4,2,HB_SOUTH,35.76,N
10/05/2026,4,3,HB_SOUTH,32.62,N
10/05/2026,4,4,HB_SOUTH,31.27,N
10/05/2026,5,1,HB_SOUTH,27.09,N
10/05/2026,5,2,HB_SOUTH,27.16,N
10/05/2026,5,3,HB_SOUTH,26.94,N
10/05/2026,5,4,HB_SOUTH,26.86,N
10/05/2026,6,1,HB_SOUTH,27.49,N
10/05/2026,6,2,HB_SOUTH,26.84,N
10/05/2026,6,3,HB_SOUTH,27.49,N
10/05/2026,6,4,HB_SOUTH,30.39,N
10/05/2026,7,1,HB_SOUTH,32.03,N
10/05/2026,7,2,HB_SOUTH,30.36,N
10/05/2026,7,3,HB_SOUTH,31.38,N
10/05/2026,7,4,HB_SOUTH,29.96,N
10/05/2026,8,1,HB_SOUTH,28.9,N
10/05/2026,8,2,HB_SOUTH,44.71,N
10/05/2026,8,3,HB_SOUTH,40.73,N
10/05/2026,8,4,HB_SOUTH,44.13,N
10/05/2026,9,1,HB_SOUTH,39.62,N
10/05/2026,9,2,HB_SOUTH,31.29,N
10/05/2026,9,3,HB_SOUTH,29.16,N
10/05/2026,9,4,HB_SOUTH,26.02,N
10/05/2026,10,1,HB_SOUTH,30.69,N
10/05/2026,10,2,HB_SOUTH,23.88,N
10/05/2026,10,3,HB_SOUTH,23.22,N
10/05/2026,10,4,HB_SOUTH,23.51,N
10/05/2026,11,1,HB_SOUTH,23.78,N
10/05/2026,11,2,HB_SOUTH,22.13,N
10/05/2026,11,3,HB_SOUTH,21.37,N
10/05/2026,11,4,HB_SOUTH,21.41,N
10/05/2026,12,1,HB_SOUTH,21.46,N
10/05/2026,12,2,HB_SOUTH,21.93,N
10/05/2026,12,3,HB_SOUTH,22.42,N
10/05/2026,12,4,HB_SOUTH,22.11,N
10/05/2026,13,1,HB_SOUTH,23.24,N
10/05/2026,13,2,HB_SOUTH,24.57,N
10/05/2026,13,3,HB_SOUTH,22.95,N
10/05/2026,13,4,HB_SOUTH,23.65,N
10/05/2026,14,1,HB_SOUTH,19.15,N
10/05/2026,14,2,HB_SOUTH,19.34,N
10/05/2026,14,3,HB_SOUTH,26.95,N
10/05/2026,14,4,HB_SOUTH,29.12,N
10/05/2026,15,1,HB_SOUTH,36.12,N
10/05/2026,15,2,HB_SOUTH,34.42,N
10/05/2026,15,3,HB_SOUTH,37.53,N
10/05/2026,15,4,HB_SOUTH,37.73,N
10/05/2026,16,1,HB_SOUTH,53.81,N
10/05/2026,16,2,HB_SOUTH,49.68,N
10/05/2026,16,3,HB_SOUTH,53.6,N
10/05/2026,16,4,HB_SOUTH,52.94,N
10/05/2026,17,1,HB_SOUTH,72.81,N
10/05/2026,17,2,HB_SOUTH,79.06,N
10/05/2026,17,3,HB_SOUTH,85.96,N
10/05/2026,17,4,HB_SOUTH,67.27,N
10/05/2026,18,1,HB_SOUTH,60.23,N
10/05/2026,18,2,HB_SOUTH,100.86,N
10/05/2026,18,3,HB_SOUTH,97.89,N
10/05/2026,18,4,HB_SOUTH,94.17,N
10/05/2026,19,1,HB_SOUTH,72.79,N
10/05/2026,19,2,HB_SOUTH,88.06,N
10/05/2026,19,3,HB_SOUTH,92.19,N
10/05/2026,19,4,HB_SOUTH,112.72,N
10/05/2026,20,1,HB_SOUTH,99.41,N
10/05/2026,20,2,HB_SOUTH,107.99,N
10/05/2026,20,3,HB_SOUTH,108.22,N
10/05/2026,20,4,HB_SOUTH,110.08,N
10/05/2026,21,1,HB_SOUTH,136.56,N
10/05/2026,21,2,HB_SOUTH,152.47,N
10/05/2026,21,3,HB_SOUTH,189.44,N
10/05/2026,21,4,HB_SOUTH,178.78,N
10/05/2026,22,1,HB_SOUTH,286.47,N
10/05/2026,22,2,HB_SOUTH,379.54,N
10/05/2026,22,3,HB_SOUTH,224.37,N
10/05/2026,22,4,HB_SOUTH,129.63,N
10/05/2026,23,1,HB_SOUTH,117.35,N
10/05/2026,23,2,HB_SOUTH,79.22,N
10/05/2026,23,3,HB_SOUTH,62.91,N
10/05/2026,23,4,HB_SOUTH,54.14,N
10/05/2026,24,1,HB_SOUTH,55.58,N
10/05/2026,24,2,HB_SOUTH,53.56,N
10/05/2026,24,3,HB_SOUTH,52.88,N
10/05/2026,24,4,HB_SOUTH,51.16,N
10/04/2026,1,1,HB_SOUTH,26.96,N
10/04/2026,1,2,HB_SOUTH,28.22,N
10/04/2026,1,3,HB_SOUTH,27.13,N
10/04/2026,1,4,HB_SOUTH,25.93,N
10/04/2026,2,1,HB_SOUTH,24.28,N
10/04/2026,2,2,HB_SOUTH,20.51,N
10/04/2026,2,3,HB_SOUTH,19.8,N
10/04/2026,2,4,HB_SOUTH,18.61,N
10/04/2026,3,1,HB_SOUTH,18.04,N
10/04/2026,3,2,HB_SOUTH,19.57,N
10/04/2026,3,3,HB_SOUTH,18.65,N
10/04/2026,3,4,HB_SOUTH,18.42,N
10/04/2026,4,1,HB_SOUTH,18.55,N
10/04/2026,4,2,HB_SOUTH,17.04,N
10/04/2026,4,3,HB_SOUTH,17.04,N
10/04/2026,4,4,HB_SOUTH,16.97,N
10/04/2026,5,1,HB_SOUTH,16.75,N
10/04/2026,5,2,HB_SOUTH,16.7,N
10/04/2026,5,3,HB_SOUTH,16.53,N
10/04/2026,5,4,HB_SOUTH,16.0,N
10/04/2026,6,1,HB_SOUTH,17.69,N
10/04/2026,6,2,HB_SOUTH,23.4,N
10/04/2026,6,3,HB_SOUTH,22.66,N
10/04/2026,6,4,HB_SOUTH,22.75,N
10/04/2026,7,1,HB_SOUTH,28.47,N
10/04/2026,7,2,HB_SOUTH,26.97,N
10/04/2026,7,3,HB_SOUTH,26.32,N
10/04/2026,7,4,HB_SOUTH,28.19,N
10/04/2026,8,1,HB_SOUTH,28.52,N
10/04/2026,8,2,HB_SOUTH,32.22,N
10/04/2026,8,3,HB_SOUTH,31.64,N
10/04/2026,8,4,HB_SOUTH,31.66,N
10/04/2026,9,1,HB_SOUTH,30.96,N
10/04/2026,9,2,HB_SOUTH,27.78,N
10/04/2026,9,3,HB_SOUTH,25.12,N
10/04/2026,9,4,HB_SOUTH,24.0,N
10/04/2026,10,1,HB_SOUTH,29.17,N
10/04/2026,10,2,HB_SOUTH,29.51,N
10/04/2026,10,3,HB_SOUTH,29.97,N
10/04/2026,10,4,HB_SOUTH,30.33,N
10/04/2026,11,1,HB_SOUTH,34.37,N
10/04/2026,11,2,HB_SOUTH,30.44,N
10/04/2026,11,3,HB_SOUTH,26.68,N
10/04/2026,11,4,HB_SOUTH,25.34,N
10/04/2026,12,1,HB_SOUTH,25.45,N
10/04/2026,12,2,HB_SOUTH,25.84,N
10/04/2026,12,3,HB_SOUTH,27.91,N
10/04/2026,12,4,HB_SOUTH,30.3,N
10/04/2026,13,1,HB_SOUTH,33.26,N
10/04/2026,13,2,HB_SOUTH,34.61,N
10/04/2026,13,3,HB_SOUTH,33.35,N
10/04/2026,13,4,HB_SOUTH,32.79,N
10/04/2026,14,1,HB_SOUTH,31.86,N
10/04/2026,14,2,HB_SOUTH,30.01,N
10/04/2026,14,3,HB_SOUTH,29.78,N
10/04/2026,14,4,HB_SOUTH,29.15,N
10/04/2026,15,1,HB_SOUTH,27.32,N
10/04/2026,15,2,HB_SOUTH,26.21,N
10/04/2026,15,3,HB_SOUTH,25.89,N
10/04/2026,15,4,HB_SOUTH,25.73,N
10/04/2026,16,1,HB_SOUTH,26.28,N
10/04/2026,16,2,HB_SOUTH,26.6,N
10/04/2026,16,3,HB_SOUTH,26.8,N
10/04/2026,16,4,HB_SOUTH,31.39,N
10/04/2026,17,1,HB_SOUTH,28.7,N
10/04/2026,17,2,HB_SOUTH,29.58,N
10/04/2026,17,3,HB_SOUTH,33.5,N
10/04/2026,17,4,HB_SOUTH,35.58,N
10/04/2026,18,1,HB_SOUTH,35.66,N
10/04/2026,18,2,HB_SOUTH,32.88,N
10/04/2026,18,3,HB_SOUTH,35.52,N
10/04/2026,18,4,HB_SOUTH,48.06,N
10/04/2026,19,1,HB_SOUTH,48.38,N
10/04/2026,19,2,HB_SOUTH,52.04,N
10/04/2026,19,3,HB_SOUTH,51.42,N
10/04/2026,19,4,HB_SOUTH,51.73,N
10/04/2026,20,1,HB_SOUTH,46.79,N
10/04/2026,20,2,HB_SOUTH,48.4,N
10/04/2026,20,3,HB_SOUTH,48.31,N
10/04/2026,20,4,HB_SOUTH,47.01,N
10/04/2026,21,1,HB_SOUTH,45.93,N
10/04/2026,21,2,HB_SOUTH,44.27,N
10/04/2026,21,3,HB_SOUTH,43.44,N
10/04/2026,21,4,HB_SOUTH,42.44,N
10/04/2026,22,1,HB_SOUTH,44.68,N
10/04/2026,22,2,HB_SOUTH,45.61,N
10/04/2026,22,3,HB_SOUTH,46.29,N
10/04/2026,22,4,HB_SOUTH,47.5,N
10/04/2026,23,1,HB_SOUTH,47.59,N
10/04/2026,23,2,HB_SOUTH,44.03,N
10/04/2026,23,3,HB_SOUTH,40.25,N
10/04/2026,23,4,HB_SOUTH,37.8,N
10/04/2026,24,1,HB_SOUTH,39.49,N
10/04/2026,24,2,HB_SOUTH,39.77,N
10/04/2026,24,3,HB_SOUTH,40.28,N
10/04/2026,24,4,HB_SOUTH,39.99,N
10/03/2026,1,1,HB_SOUTH,50.18,N
10/03/2026,1,2,HB_SOUTH,50.03,N
10/03/2026,1,3,HB_SOUTH,50.0,N
10/03/2026,1,4,HB_SOUTH,49.83,N
10/03/2026,2,1,HB_SOUTH,52.22,N
10/03/2026,2,2,HB_SOUTH,51.75,N
10/03/2026,2,3,HB_SOUTH,51.71,N
10/03/2026,2,4,HB_SOUTH,48.68,N
10/03/2026,3,1,HB_SOUTH,49.04,N
10/03/2026,3,2,HB_SOUTH,46.32,N
10/03/2026,3,3,HB_SOUTH,44.44,N
10/03/2026,3,4,HB_SOUTH,43.81,N
10/03/2026,4,1,HB_SOUTH,43.68,N
10/03/2026,4,2,HB_SOUTH,43.51,N
10/03/2026,4,3,HB_SOUTH,44.74,N
10/03/2026,4,4,HB_SOUTH,44.66,N
10/03/2026,5,1,HB_SOUTH,43.05,N
10/03/2026,5,2,HB_SOUTH,41.03,N
10/03/2026,5,3,HB_SOUTH,43.59,N
10/03/2026,5,4,HB_SOUTH,41.33,N
10/03/2026,6,1,HB_SOUTH,43.29,N
10/03/2026,6,2,HB_SOUTH,49.01,N
10/03/2026,6,3,HB_SOUTH,47.33,N
10/03/2026,6,4,HB_SOUTH,43.17,N
10/03/2026,7,1,HB_SOUTH,43.42,N
10/03/2026,7,2,HB_SOUTH,44.38,N
10/03/2026,7,3,HB_SOUTH,43.92,N
10/03/2026,7,4,HB_SOUTH,45.56,N
10/03/2026,8,1,HB_SOUTH,44.8,N
10/03/2026,8,2,HB_SOUTH,43.41,N
10/03/2026,8,3,HB_SOUTH,42.64,N
10/03/2026,8,4,HB_SOUTH,42.99,N
10/03/2026,9,1,HB_SOUTH,46.54,N
10/03/2026,9,2,HB_SOUTH,42.59,N
10/03/2026,9,3,HB_SOUTH,39.82,N
10/03/2026,9,4,HB_SOUTH,40.14,N
10/03/2026,10,1,HB_SOUTH,53.4,N
10/03/2026,10,2,HB_SOUTH,53.44,N
10/03/2026,10,3,HB_SOUTH,52.36,N
10/03/2026,10,4,HB_SOUTH,49.04,N
10/03/2026,11,1,HB_SOUTH,55.32,N
10/03/2026,11,2,HB_SOUTH,54.84,N
10/03/2026,11,3,HB_SOUTH,60.82,N
10/03/2026,11,4,HB_SOUTH,49.15,N
10/03/2026,12,1,HB_SOUTH,53.22,N
10/03/2026,12,2,HB_SOUTH,46.8,N
10/03/2026,12,3,HB_SOUTH,48.2,N
10/03/2026,12,4,HB_SOUTH,50.41,N
10/03/2026,13,1,HB_SOUTH,44.47,N
10/03/2026,13,2,HB_SOUTH,47.14,N
10/03/2026,13,3,HB_SOUTH,45.08,N
10/03/2026,13,4,HB_SOUTH,45.48,N
10/03/2026,14,1,HB_SOUTH,46.33,N
10/03/2026,14,2,HB_SOUTH,48.52,N
10/03/2026,14,3,HB_SOUTH,51.07,N
10/03/2026,14,4,HB_SOUTH,53.33,N
10/03/2026,15,1,HB_SOUTH,54.58,N
10/03/2026,15,2,HB_SOUTH,55.46,N
10/03/2026,15,3,HB_SOUTH,55.97,N
10/03/2026,15,4,HB_SOUTH,51.73,N
10/03/2026,16,1,HB_SOUTH,47.44,N
10/03/2026,16,2,HB_SOUTH,43.87,N
10/03/2026,16,3,HB_SOUTH,42.84,N
10/03/2026,16,4,HB_SOUTH,44.19,N
10/03/2026,17,1,HB_SOUTH,38.31,N
10/03/2026,17,2,HB_SOUTH,39.33,N
10/03/2026,17,3,HB_SOUTH,41.27,N
10/03/2026,17,4,HB_SOUTH,51.09,N
10/03/2026,18,1,HB_SOUTH,45.03,N
10/03/2026,18,2,HB_SOUTH,50.65,N
10/03/2026,18,3,HB_SOUTH,55.65,N
10/03/2026,18,4,HB_SOUTH,50.04,N
10/03/2026,19,1,HB_SOUTH,42.87,N
10/03/2026,19,2,HB_SOUTH,52.15,N
10/03/2026,19,3,HB_SOUTH,62.96,N
10/03/2026,19,4,HB_SOUTH,66.78,N
10/03/2026,20,1,HB_SOUTH,54.03,N
10/03/2026,20,2,HB_SOUTH,49.98,N
10/03/2026,20,3,HB_SOUTH,46.7,N
10/03/2026,20,4,HB_SOUTH,46.73,N
10/03/2026,21,1,HB_SOUTH,48.15,N
10/03/2026,21,2,HB_SOUTH,42.19,N
10/03/2026,21,3,HB_SOUTH,41.63,N
10/03/2026,21,4,HB_SOUTH,42.4,N
10/03/2026,22,1,HB_SOUTH,42.91,N
10/03/2026,22,2,HB_SOUTH,36.41,N
10/03/2026,22,3,HB_SOUTH,32.16,N
10/03/2026,22,4,HB_SOUTH,30.68,N
10/03/2026,23,1,HB_SOUTH,36.31,N
10/03/2026,23,2,HB_SOUTH,35.89,N
10/03/2026,23,3,HB_SOUTH,35.38,N
10/03/2026,23,4,HB_SOUTH,28.44,N
10/03/2026,24,1,HB_SOUTH,27.03,N
10/03/2026,24,2,HB_SOUTH,27.5,N
10/03/2026,24,3,HB_SOUTH,27.09,N
10/03/2026,24,4,HB_SOUTH,26.53,N
10/02/2026,1,1,HB_SOUTH,58.04,N
10/02/2026,1,2,HB_SOUTH,47.63,N
10/02/2026,1,3,HB_SOUTH,46.87,N
10/02/2026,1,4,HB_SOUTH,45.99,N
10/02/2026,2,1,HB_SOUTH,53.6,N
10/02/2026,2,2,HB_SOUTH,55.44,N
10/02/2026,2,3,HB_SOUTH,49.44,N
10/02/2026,2,4,HB_SOUTH,43.29,N
10/02/2026,3,1,HB_SOUTH,43.17,N
10/02/2026,3,2,HB_SOUTH,37.43,N
10/02/2026,3,3,HB_SOUTH,37.73,N
10/02/2026,3,4,HB_SOUTH,37.2,N
10/02/2026,4,1,HB_SOUTH,35.1,N
10/02/2026,4,2,HB_SOUTH,34.8,N
10/02/2026,4,3,HB_SOUTH,34.51,N
10/02/2026,4,4,HB_SOUTH,34.63,N
10/02/2026,5,1,HB_SOUTH,38.84,N
10/02/2026,5,2,HB_SOUTH,38.66,N
10/02/2026,5,3,HB_SOUTH,38.41,N
10/02/2026,5,4,HB_SOUTH,37.42,N
10/02/2026,6,1,HB_SOUTH,34.71,N
10/02/2026,6,2,HB_SOUTH,34.67,N
10/02/2026,6,3,HB_SOUTH,35.41,N
10/02/2026,6,4,HB_SOUTH,35.0,N
10/02/2026,7,1,HB_SOUTH,34.79,N
10/02/2026,7,2,HB_SOUTH,36.02,N
10/02/2026,7,3,HB_SOUTH,36.16,N
10/02/2026,7,4,HB_SOUTH,38.14,N
10/02/2026,8,1,HB_SOUTH,40.0,N
10/02/2026,8,2,HB_SOUTH,39.93,N
10/02/2026,8,3,HB_SOUTH,40.75,N
10/02/2026,8,4,HB_SOUTH,36.96,N
10/02/2026,9,1,HB_SOUTH,39.39,N
10/02/2026,9,2,HB_SOUTH,39.93,N
10/02/2026,9,3,HB_SOUTH,41.31,N
10/02/2026,9,4,HB_SOUTH,40.2,N
10/02/2026,10,1,HB_SOUTH,44.49,N
10/02/2026,10,2,HB_SOUTH,44.57,N
10/02/2026,10,3,HB_SOUTH,42.94,N
10/02/2026,10,4,HB_SOUTH,35.85,N
10/02/2026,11,1,HB_SOUTH,45.7,N
10/02/2026,11,2,HB_SOUTH,44.37,N
10/02/2026,11,3,HB_SOUTH,39.73,N
10/02/2026,11,4,HB_SOUTH,34.27,N
10/02/2026,12,1,HB_SOUTH,34.96,N
10/02/2026,12,2,HB_SOUTH,37.08,N
10/02/2026,12,3,HB_SOUTH,37.98,N
10/02/2026,12,4,HB_SOUTH,34.92,N
10/02/2026,13,1,HB_SOUTH,36.1,N
10/02/2026,13,2,HB_SOUTH,36.9,N
10/02/2026,13,3,HB_SOUTH,40.78,N
10/02/2026,13,4,HB_SOUTH,37.32,N
10/02/2026,14,1,HB_SOUTH,36.95,N
10/02/2026,14,2,HB_SOUTH,35.36,N
10/02/2026,14,3,HB_SOUTH,34.25,N
10/02/2026,14,4,HB_SOUTH,34.58,N
10/02/2026,15,1,HB_SOUTH,31.66,N
10/02/2026,15,2,HB_SOUTH,34.12,N
10/02/2026,15,3,HB_SOUTH,35.55,N
10/02/2026,15,4,HB_SOUTH,38.13,N
10/02/2026,16,1,HB_SOUTH,39.6,N
10/02/2026,16,2,HB_SOUTH,45.34,N
10/02/2026,16,3,HB_SOUTH,42.45,N
10/02/2026,16,4,HB_SOUTH,45.69,N
10/02/2026,17,1,HB_SOUTH,49.25,N
10/02/2026,17,2,HB_SOUTH,48.8,N
10/02/2026,17,3,HB_SOUTH,47.09,N
10/02/2026,17,4,HB_SOUTH,40.0,N
10/02/2026,18,1,HB_SOUTH,34.56,N
10/02/2026,18,2,HB_SOUTH,38.07,N
10/02/2026,18,3,HB_SOUTH,38.13,N
10/02/2026,18,4,HB_SOUTH,42.09,N
10/02/2026,19,1,HB_SOUTH,34.92,N
10/02/2026,19,2,HB_SOUTH,41.26,N
10/02/2026,19,3,HB_SOUTH,44.98,N
10/02/2026,19,4,HB_SOUTH,44.72,N
10/02/2026,20,1,HB_SOUTH,40.26,N
10/02/2026,20,2,HB_SOUTH,42.29,N
10/02/2026,20,3,HB_SOUTH,42.35,N
10/02/2026,20,4,HB_SOUTH,42.63,N
10/02/2026,21,1,HB_SOUTH,42.4,N
10/02/2026,21,2,HB_SOUTH,41.67,N
10/02/2026,21,3,HB_SOUTH,41.93,N
10/02/2026,21,4,HB_SOUTH,42.63,N
10/02/2026,22,1,HB_SOUTH,42.41,N
10/02/2026,22,2,HB_SOUTH,42.34,N
10/02/2026,22,3,HB_SOUTH,42.82,N
10/02/2026,22,4,HB_SOUTH,45.15,N
10/02/2026,23,1,HB_SOUTH,44.71,N
10/02/2026,23,2,HB_SOUTH,45.09,N
10/02/2026,23,3,HB_SOUTH,45.18,N
10/02/2026,23,4,HB_SOUTH,44.87,N
10/02/2026,24,1,HB_SOUTH,47.5,N
10/02/2026,24,2,HB_SOUTH,45.6,N
10/02/2026,24,3,HB_SOUTH,46.03,N
10/02/2026,24,4,HB_SOUTH,46.91,N
10/01/2026,1,1,HB_SOUTH,34.74,N
10/01/2026,1,2,HB_SOUTH,34.74,N
10/01/2026,1,3,HB_SOUTH,39.64,N
10/01/2026,1,4,HB_SOUTH,44.72,N
10/01/2026,2,1,HB_SOUTH,47.54,N
10/01/2026,2,2,HB_SOUTH,46.86,N
10/01/2026,2,3,HB_SOUTH,45.28,N
10/01/2026,2,4,HB_SOUTH,48.64,N
10/01/2026,3,1,HB_SOUTH,48.37,N
10/01/2026,3,2,HB_SOUTH,50.43,N
10/01/2026,3,3,HB_SOUTH,53.83,N
10/01/2026,3,4,HB_SOUTH,51.08,N
10/01/2026,4,1,HB_SOUTH,51.3,N
10/01/2026,4,2,HB_SOUTH,51.49,N
10/01/2026,4,3,HB_SOUTH,52.19,N
10/01/2026,4,4,HB_SOUTH,53.71,N
10/01/2026,5,1,HB_SOUTH,50.65,N
10/01/2026,5,2,HB_SOUTH,53.99,N
10/01/2026,5,3,HB_SOUTH,56.94,N
10/01/2026,5,4,HB_SOUTH,57.25,N
10/01/2026,6,1,HB_SOUTH,55.75,N
10/01/2026,6,2,HB_SOUTH,59.19,N
10/01/2026,6,3,HB_SOUTH,61.88,N
10/01/2026,6,4,HB_SOUTH,66.61,N
10/01/2026,7,1,HB_SOUTH,55.57,N
10/01/2026,7,2,HB_SOUTH,56.16,N
10/01/2026,7,3,HB_SOUTH,53.57,N
10/01/2026,7,4,HB_SOUTH,55.94,N
10/01/2026,8,1,HB_SOUTH,55.65,N
10/01/2026,8,2,HB_SOUTH,53.98,N
10/01/2026,8,3,HB_SOUTH,51.66,N
10/01/2026,8,4,HB_SOUTH,50.13,N
10/01/2026,9,1,HB_SOUTH,58.07,N
10/01/2026,9,2,HB_SOUTH,43.61,N
10/01/2026,9,3,HB_SOUTH,35.2,N
10/01/2026,9,4,HB_SOUTH,32.27,N
10/01/2026,10,1,HB_SOUTH,35.57,N
10/01/2026,10,2,HB_SOUTH,35.68,N
10/01/2026,10,3,HB_SOUTH,34.64,N
10/01/2026,10,4,HB_SOUTH,35.86,N
10/01/2026,11,1,HB_SOUTH,37.5,N
10/01/2026,11,2,HB_SOUTH,37.18,N
10/01/2026,11,3,HB_SOUTH,37.57,N
10/01/2026,11,4,HB_SOUTH,34.28,N
10/01/2026,12,1,HB_SOUTH,29.14,N
10/01/2026,12,2,HB_SOUTH,29.18,N
10/01/2026,12,3,HB_SOUTH,30.18,N
10/01/2026,12,4,HB_SOUTH,23.01,N
10/01/2026,13,1,HB_SOUTH,26.13,N
10/01/2026,13,2,HB_SOUTH,25.89,N
10/01/2026,13,3,HB_SOUTH,29.55,N
10/01/2026,13,4,HB_SOUTH,26.33,N
10/01/2026,14,1,HB_SOUTH,23.83,N
10/01/2026,14,2,HB_SOUTH,20.51,N
10/01/2026,14,3,HB_SOUTH,21.67,N
10/01/2026,14,4,HB_SOUTH,19.56,N
10/01/2026,15,1,HB_SOUTH,18.19,N
10/01/2026,15,2,HB_SOUTH,17.63,N
10/01/2026,15,3,HB_SOUTH,16.97,N
10/01/2026,15,4,HB_SOUTH,16.38,N
10/01/2026,16,1,HB_SOUTH,17.19,N
10/01/2026,16,2,HB_SOUTH,16.83,N
10/01/2026,16,3,HB_SOUTH,16.21,N
10/01/2026,16,4,HB_SOUTH,16.5,N
10/01/2026,17,1,HB_SOUTH,17.16,N
10/01/2026,17,2,HB_SOUTH,18.79,N
10/01/2026,17,3,HB_SOUTH,22.77,N
10/01/2026,18,1,HB_SOUTH,22.97,N
10/01/2026,18,2,HB_SOUTH,25.33,N
10/01/2026,18,3,HB_SOUTH,29.76,N
10/01/2026,18,4,HB_SOUTH,30.03,N
10/01/2026,19,1,HB_SOUTH,28.38,N
10/01/2026,19,2,HB_SOUTH,36.66,N
10/01/2026,19,3,HB_SOUTH,41.94,N
10/01/2026,19,4,HB_SOUTH,46.94,N
10/01/2026,20,1,HB_SOUTH,39.2,N
10/01/2026,20,2,HB_SOUTH,43.1,N
10/01/2026,20,3,HB_SOUTH,46.03,N
10/01/2026,20,4,HB_SOUTH,46.59,N
10/01/2026,21,1,HB_SOUTH,51.77,N
10/01/2026,21,2,HB_SOUTH,49.76,N
10/01/2026,21,3,HB_SOUTH,47.6,N
10/01/2026,21,4,HB_SOUTH,48.08,N
10/01/2026,22,1,HB_SOUTH,47.82,N
10/01/2026,22,2,HB_SOUTH,48.5,N
10/01/2026,22,3,HB_SOUTH,48.89,N
10/01/2026,22,4,HB_SOUTH,51.46,N
10/01/2026,23,1,HB_SOUTH,72.94,N
10/01/2026,23,2,HB_SOUTH,79.35,N
10/01/2026,23,3,HB_SOUTH,84.59,N
10/01/2026,23,4,HB_SOUTH,73.27,N
10/01/2026,24,1,HB_SOUTH,69.09,N
10/01/2026,24,2,HB_SOUTH,71.18,N
10/01/2026,24,3,HB_SOUTH,59.02,N
10/01/2026,24,4,HB_SOUTH,54.13,N
09/30/2026,1,1,HB_SOUTH,22.62,N
09/30/2026,1,2,HB_SOUTH,22.69,N
09/30/2026,1,3,HB_SOUTH,21.97,N
09/30/2026,1,4,HB_SOUTH,21.41,N
09/30/2026,2,1,HB_SOUTH,22.32,N
09/30/2026,2,2,HB_SOUTH,22.39,N
09/30/2026,2,3,HB_SOUTH,22.77,N
09/30/2026,2,4,HB_SOUTH,22.73,N
09/30/2026,3,1,HB_SOUTH,24.56,N
09/30/2026,3,2,HB_SOUTH,23.89,N
09/30/2026,3,3,HB_SOUTH,23.41,N
09/30/2026,3,4,HB_SOUTH,23.07,N
09/30/2026,4,1,HB_SOUTH,23.52,N
09/30/2026,4,2,HB_SOUTH,23.3,N
09/30/2026,4,3,HB_SOUTH,23.1,N
09/30/2026,4,4,HB_SOUTH,22.74,N
09/30/2026,5,1,HB_SOUTH,21.85,N
09/30/2026,5,2,HB_SOUTH,21.99,N
09/30/2026,5,3,HB_SOUTH,22.26,N
09/30/2026,5,4,HB_SOUTH,23.31,N
09/30/2026,6,1,HB_SOUTH,25.0,N
09/30/2026,6,2,HB_SOUTH,26.0,N
09/30/2026,6,3,HB_SOUTH,26.0,N
09/30/2026,6,4,HB_SOUTH,25.73,N
09/30/2026,7,1,HB_SOUTH,30.92,N
09/30/2026,7,2,HB_SOUTH,33.94,N
09/30/2026,7,3,HB_SOUTH,36.67,N
09/30/2026,7,4,HB_SOUTH,37.17,N
09/30/2026,8,1,HB_SOUTH,36.5,N
09/30/2026,8,2,HB_SOUTH,34.62,N
09/30/2026,8,3,HB_SOUTH,30.52,N
09/30/2026,8,4,HB_SOUTH,26.42,N
09/30/2026,9,1,HB_SOUTH,25.13,N
09/30/2026,9,2,HB_SOUTH,22.74,N
09/30/2026,9,3,HB_SOUTH,21.61,N
09/30/2026,9,4,HB_SOUTH,20.92,N
09/30/2026,10,1,HB_SOUTH,21.99,N
09/30/2026,10,2,HB_SOUTH,20.92,N
09/30/2026,10,3,HB_SOUTH,18.18,N
09/30/2026,10,4,HB_SOUTH,23.39,N
09/30/2026,11,1,HB_SOUTH,24.69,N
09/30/2026,11,2,HB_SOUTH,22.84,N
09/30/2026,11,3,HB_SOUTH,26.06,N
09/30/2026,11,4,HB_SOUTH,24.41,N
09/30/2026,12,1,HB_SOUTH,22.94,N
09/30/2026,12,2,HB_SOUTH,24.61,N
09/30/2026,12,3,HB_SOUTH,24.81,N
09/30/2026,12,4,HB_SOUTH,24.69,N
09/30/2026,13,1,HB_SOUTH,25.81,N
09/30/2026,13,2,HB_SOUTH,29.27,N
09/30/2026,13,3,HB_SOUTH,30.56,N
09/30/2026,13,4,HB_SOUTH,27.45,N
09/30/2026,14,1,HB_SOUTH,25.41,N
09/30/2026,14,2,HB_SOUTH,23.66,N
09/30/2026,14,3,HB_SOUTH,25.61,N
09/30/2026,14,4,HB_SOUTH,23.65,N
09/30/2026,15,1,HB_SOUTH,23.3,N
09/30/2026,15,2,HB_SOUTH,23.5,N
09/30/2026,15,3,HB_SOUTH,18.42,N
09/30/2026,15,4,HB_SOUTH,21.16,N
09/30/2026,16,1,HB_SOUTH,21.43,N
09/30/2026,16,2,HB_SOUTH,19.89,N
09/30/2026,16,3,HB_SOUTH,21.2,N
09/30/2026,16,4,HB_SOUTH,22.42,N
09/30/2026,17,1,HB_SOUTH,23.17,N
09/30/2026,17,2,HB_SOUTH,22.67,N
09/30/2026,17,3,HB_SOUTH,23.04,N
09/30/2026,17,4,HB_SOUTH,19.82,N
09/30/2026,18,1,HB_SOUTH,18.74,N
09/30/2026,18,2,HB_SOUTH,24.26,N
09/30/2026,18,3,HB_SOUTH,27.08,N
09/30/2026,18,4,HB_SOUTH,31.44,N
09/30/2026,19,1,HB_SOUTH,27.64,N
09/30/2026,19,2,HB_SOUTH,36.09,N
09/30/2026,19,3,HB_SOUTH,40.86,N
09/30/2026,19,4,HB_SOUTH,44.37,N
09/30/2026,20,1,HB_SOUTH,42.45,N
09/30/2026,20,2,HB_SOUTH,49.58,N
09/30/2026,20,3,HB_SOUTH,51.44,N
09/30/2026,20,4,HB_SOUTH,48.79,N
09/30/2026,21,1,HB_SOUTH,42.89,N
09/30/2026,21,2,HB_SOUTH,39.8,N
09/30/2026,21,3,HB_SOUTH,37.75,N
09/30/2026,21,4,HB_SOUTH,39.49,N
09/30/2026,22,1,HB_SOUTH,40.51,N
09/30/2026,22,2,HB_SOUTH,40.84,N
09/30/2026,22,3,HB_SOUTH,39.75,N
09/30/2026,22,4,HB_SOUTH,39.15,N
09/30/2026,23,1,HB_SOUTH,39.44,N
09/30/2026,23,2,HB_SOUTH,41.78,N
09/30/2026,23,3,HB_SOUTH,46.47,N
09/30/2026,23,4,HB_SOUTH,47.52,N
09/30/2026,24,1,HB_SOUTH,42.38,N
09/30/2026,24,2,HB_SOUTH,40.79,N
09/30/2026,24,3,HB_SOUTH,40.05,N
09/30/2026,24,4,HB_SOUTH,36.69,N
